en_curid,name,birthcity,birthstate,countryName,gender,occupation,industry,domain
864,Andy Warhol,Pittsburgh,PA,UNITED STATES,Male,ARTIST,FINE ARTS,ARTS
868,Alp Arslan,Other,,Unknown,Male,POLITICIAN,GOVERNMENT,INSTITUTIONS
924,A. A. Milne,Hampstead,,UNITED KINGDOM,Male,WRITER,LANGUAGE,HUMANITIES
1020,Anatoly Karpov,Zlatoust,,Russia,Male,CHESSMASTER,INDIVIDUAL SPORTS,SPORTS
1057,Anatole France,Paris,,FRANCE,Male,WRITER,LANGUAGE,HUMANITIES
1177,Aleister Crowley,Royal Leamington Spa,,UNITED KINGDOM,Male,RELIGIOUS FIGURE,RELIGION,INSTITUTIONS
1247,Alfonso Cuarón,Mexico City,,MEXICO,Male,FILM DIRECTOR,FILM AND THEATRE,ARTS
1528,Ahmed II,Istanbul,,Turkey,Male,POLITICIAN,GOVERNMENT,INSTITUTIONS
1660,Afonso IV of Portugal,Lisbon,,PORTUGAL,Male,POLITICIAN,GOVERNMENT,INSTITUTIONS
1735,Ananda,Other,,Unknown,Male,RELIGIOUS FIGURE,RELIGION,INSTITUTIONS
1755,Andrew II of Hungary,Esztergom,,Hungary,Male,POLITICIAN,GOVERNMENT,INSTITUTIONS
2018,A.J. Ayer,United Kingdom,,United Kingdom,Male,PHILOSOPHER,PHILOSOPHY,HUMANITIES
2027,Andrew Wiles,Cambridge,,United Kingdom,Male,MATHEMATICIAN,MATH,SCIENCE & TECHNOLOGY
2397,Anthony Hopkins,Margam,,United Kingdom,Male,ACTOR,FILM AND THEATRE,ARTS
2609,Abbas II of Egypt,Alexandria,,Egypt,Male,POLITICIAN,GOVERNMENT,INSTITUTIONS
2676,Abd ar-Rahman I,Deir Hanna,,ISRAEL,Male,POLITICIAN,GOVERNMENT,INSTITUTIONS
2911,Amr Diab,Port Said,,EGYPT,Male,SINGER,MUSIC,ARTS
3225,Athanasius of Alexandria,Alexandria,,Egypt,Male,PHILOSOPHER,PHILOSOPHY,HUMANITIES
3356,Bill Clinton,Hope,AR,UNITED STATES,Male,POLITICIAN,GOVERNMENT,INSTITUTIONS
3747,Bill Gates,Seattle,WA,UNITED STATES,Male,BUSINESSPERSON,BUSINESS,BUSINESS & LAW
4408,Buddy Holly,Lubbock,TX,United States,Male,MUSICIAN,MUSIC,ARTS
4463,Babrak Karmal,Kamari,,GREECE,Male,POLITICIAN,GOVERNMENT,INSTITUTIONS
4481,Beatrix Potter,London,,UNITED KINGDOM,Female,WRITER,LANGUAGE,HUMANITIES
5771,Christopher Marlowe,Canterbury,,UNITED KINGDOM,Male,WRITER,LANGUAGE,HUMANITIES
6046,Cicero,Arpino,,Italy,Male,POLITICIAN,GOVERNMENT,INSTITUTIONS
6140,Claudius,Lyon,,France,Male,POLITICIAN,GOVERNMENT,INSTITUTIONS
6746,Constantius II,Sirmium,,Serbia,Male,POLITICIAN,GOVERNMENT,INSTITUTIONS
167790,Christopher Walken,New York,NY,UNITED STATES,Male,ACTOR,FILM AND THEATRE,ARTS
6928,Colette,Saint-Sauveur-en-Puisaye,,France,Female,WRITER,LANGUAGE,HUMANITIES
7015,Christiaan Barnard,Beaufort West,,SOUTH AFRICA,Male,PHYSICIAN,MEDICINE,SCIENCE & TECHNOLOGY
7387,Cyril of Jerusalem,Caesarea Palaestina,,Israel,Male,PHYSICIAN,MEDICINE,SCIENCE & TECHNOLOGY
7434,Camille Pissarro,Charlotte Amalie,,US Virgin Islands,Male,PAINTER,FINE ARTS,ARTS
7478,Cuauhtémoc,Other,,Mexico,Male,POLITICIAN,GOVERNMENT,INSTITUTIONS
7892,David Cronenberg,Toronto,,CANADA,Male,FILM DIRECTOR,FILM AND THEATRE,ARTS
8487,David Brewster,Jedburgh,,UNITED KINGDOM,Male,PHYSICIST,NATURAL SCIENCES,SCIENCE & TECHNOLOGY
9238,Ernst Mayr,Kempten im Allgäu,,Germany,Male,BIOLOGIST,NATURAL SCIENCES,SCIENCE & TECHNOLOGY
152277,Jane Addams,Cedarville,IL,UNITED STATES,Female,SOCIAL ACTIVIST,ACTIVISM,PUBLIC FIGURE
9820,Ennius,Rudiae,,Italy,Male,WRITER,LANGUAGE,HUMANITIES
10085,Edward Elgar,Broadheath,,UNITED KINGDOM,Male,COMPOSER,MUSIC,ARTS
10287,Hirohito,Tokyo,,Japan,Male,POLITICIAN,GOVERNMENT,INSTITUTIONS
10328,Evliya Çelebi,Istanbul,,Turkey,Male,EXPLORER,EXPLORERS,EXPLORATION
10473,Emil Theodor Kocher,Bern,,SWITZERLAND,Male,PHYSICIAN,MEDICINE,SCIENCE & TECHNOLOGY
10510,Elvis Costello,London,,UNITED KINGDOM,Male,MUSICIAN,MUSIC,ARTS
11369,Frank Capra,Bisacquino,,ITALY,Male,FILM DIRECTOR,FILM AND THEATRE,ARTS
11638,Francis of Assisi,Assisi,,ITALY,Male,PHILOSOPHER,PHILOSOPHY,HUMANITIES
11801,Filippo Tommaso Marinetti,Alexandria,,Egypt,Male,WRITER,LANGUAGE,HUMANITIES
11959,George Edward Moore,London,,UNITED KINGDOM,Male,PHILOSOPHER,PHILOSOPHY,HUMANITIES
12305,Gotthold Ephraim Lessing,Kamenz,,GERMANY,Male,WRITER,LANGUAGE,HUMANITIES
12425,Gustav Klimt,Vienna,,AUSTRIA,Male,PAINTER,FINE ARTS,ARTS
12475,Georg Agricola,Glauchau,,Germany,Male,PHYSICIAN,MEDICINE,SCIENCE & TECHNOLOGY
12531,George Peppard,Detroit,MI,UNITED STATES,Male,ACTOR,FILM AND THEATRE,ARTS
1018235,Felicity Huffman,Lower Hudson Valley,NY,UNITED STATES,Female,ACTOR,FILM AND THEATRE,ARTS
12598,Georg Wilhelm Friedrich Hegel,Stuttgart,,Germany,Male,PHILOSOPHER,PHILOSOPHY,HUMANITIES
12879,"George Hamilton-Gordon, 4th Earl of Aberdeen",Edinburgh,,UNITED KINGDOM,Male,POLITICIAN,GOVERNMENT,INSTITUTIONS
13043,Giuseppe Peano,Cuneo,,ITALY,Male,MATHEMATICIAN,MATH,SCIENCE & TECHNOLOGY
13131,"Géza, Grand Prince of the Hungarians",Other,,Unknown,Male,POLITICIAN,GOVERNMENT,INSTITUTIONS
13578,Hermann Hesse,Calw,,Germany,Male,WRITER,LANGUAGE,HUMANITIES
13621,Hadrian,Italica,,Spain,Male,POLITICIAN,GOVERNMENT,INSTITUTIONS
13784,Herbert Marcuse,Berlin,,Germany,Male,PHILOSOPHER,PHILOSOPHY,HUMANITIES
938523,Laura Branigan,Lower Hudson Valley,NY,UNITED STATES,Female,SINGER,MUSIC,ARTS
14187,Henry VIII of England,Greenwhich,,United Kingdom,Male,NOBLEMAN,GOVERNMENT,INSTITUTIONS
14369,Humphry Davy,Penzance,,UNITED KINGDOM,Male,CHEMIST,NATURAL SCIENCES,SCIENCE & TECHNOLOGY
14454,Henry Moseley,Weymouth,,UNITED KINGDOM,Male,PHYSICIST,NATURAL SCIENCES,SCIENCE & TECHNOLOGY
15192,Isaac,Canaan,,Israel,Male,RELIGIOUS FIGURE,RELIGION,INSTITUTIONS
15208,Isaac Albéniz,Camprodon,,SPAIN,Male,MUSICIAN,MUSIC,ARTS
15225,Ivar Aasen,Åsen,,NORWAY,Male,WRITER,LANGUAGE,HUMANITIES
8218,Dennis Ritchie,New York,NY,United States,Male,COMPUTER SCIENTIST,COMPUTER SCIENCE,SCIENCE & TECHNOLOGY
15414,Irenaeus,Smyrna,,Turkey,Male,RELIGIOUS FIGURE,RELIGION,INSTITUTIONS
15435,Ignatius of Antioch,Other,,Syria,Male,RELIGIOUS FIGURE,RELIGION,INSTITUTIONS
15506,Isidore of Seville,Cartagena,,SPAIN,Male,PHILOSOPHER,PHILOSOPHY,HUMANITIES
15736,Johannes Kepler,Weil der Stadt,,Germany,Male,ASTRONOMER,NATURAL SCIENCES,SCIENCE & TECHNOLOGY
15770,Jules Verne,Nantes,,FRANCE,Male,WRITER,LANGUAGE,HUMANITIES
15777,Joseph Goebbels,Rheydt,,GERMANY,Male,POLITICIAN,GOVERNMENT,INSTITUTIONS
15872,J. R. R. Tolkien,Bloemfontein,,SOUTH AFRICA,Male,WRITER,LANGUAGE,HUMANITIES
16143,John Locke,Wrington,,UNITED KINGDOM,Male,PHILOSOPHER,PHILOSOPHY,HUMANITIES
1928850,John Roberts,Buffalo,NY,UNITED STATES,Male,JUDGE,GOVERNMENT,INSTITUTIONS
16193,Jackie Robinson,Cairo,GA,United States,Male,BASEBALL PLAYER,TEAM SPORTS,SPORTS
16433,Jalal ad-Din Muhammad Rumi,Vakhsh,,TAJIKISTAN,Male,WRITER,LANGUAGE,HUMANITIES
16483,John Wycliffe,Hipswell,,United Kingdom,Male,PHILOSOPHER,PHILOSOPHY,HUMANITIES
20647767,Jennifer Connelly,Cairo,NY,UNITED STATES,Female,ACTOR,FILM AND THEATRE,ARTS
142229,Mike Dirnt,San Francisco-Bay Area,CA,UNITED STATES,Male,MUSICIAN,MUSIC,ARTS
16810,Konrad Zuse,Berlin,,GERMANY,Male,INVENTOR,INVENTION,SCIENCE & TECHNOLOGY
17297,Karl Ferdinand Braun,Fulda,,GERMANY,Male,INVENTOR,INVENTION,SCIENCE & TECHNOLOGY
17304,Karl Ernst von Baer,Estonia,,Estonia,Male,BIOLOGIST,NATURAL SCIENCES,SCIENCE & TECHNOLOGY
17355,Kenneth Kaunda,Chinsali,,Zambia,Male,POLITICIAN,GOVERNMENT,INSTITUTIONS
17862,L. Ron Hubbard,Tilden,NE,United States,Male,WRITER,LANGUAGE,HUMANITIES
17917,Lars von Trier,Kongens Lyngby,,DENMARK,Male,FILM DIRECTOR,FILM AND THEATRE,ARTS
17972,Louis the Pious,Poitiers,,France,Male,POLITICIAN,GOVERNMENT,INSTITUTIONS
18010,Leo III the Isaurian,Kahramanmaraş,,Turkey,Male,POLITICIAN,GOVERNMENT,INSTITUTIONS
18313,Louis Armstrong,New Orleans,LA,UNITED STATES,Male,MUSICIAN,MUSIC,ARTS
18390,Lavrentiy Beria,Sukhumi,,Georgia,Male,POLITICIAN,GOVERNMENT,INSTITUTIONS
18707,Luigi Pirandello,Agrigento,,ITALY,Male,WRITER,LANGUAGE,HUMANITIES
412200,Julius Erving,Long Island,NY,United States,Male,BASKETBALL PLAYER,TEAM SPORTS,SPORTS
19527,Mao Zedong,Shaoshan,,China,Male,POLITICIAN,GOVERNMENT,INSTITUTIONS
19620,Michael Palin,Ranmoor,,United Kingdom,Male,ACTOR,FILM AND THEATRE,ARTS
19986,Murad I,Bursa,,Turkey,Male,POLITICIAN,GOVERNMENT,INSTITUTIONS
19989,Murad III,Bozdağan,,Azerbaijan,Male,POLITICIAN,GOVERNMENT,INSTITUTIONS
20155,Marcus Aurelius,Rome,,ITALY,Male,POLITICIAN,GOVERNMENT,INSTITUTIONS
20312,Hayao Miyazaki,Bunkyō,,JAPAN,Male,FILM DIRECTOR,FILM AND THEATRE,ARTS
20584,Morgan Freeman,Memphis,TN,UNITED STATES,Male,ACTOR,FILM AND THEATRE,ARTS
20900,Mathias Rust,Wedel,,Germany,Male,PILOT,MILITARY,INSTITUTIONS
21573,Niels Henrik Abel,Finnoy,,Norway,Male,MATHEMATICIAN,MATH,SCIENCE & TECHNOLOGY
21683,Nancy Sinatra,Jersey City,NJ,UNITED STATES,Female,SINGER,MUSIC,ARTS
23229,Paul Robeson,Princeton,NJ,UNITED STATES,Male,SINGER,MUSIC,ARTS
23297,Patrick Rafter,Mount Isa,,AUSTRALIA,Male,TENNIS PLAYER,INDIVIDUAL SPORTS,SPORTS
23673,Pachomius,Thebes,,Egypt,Male,RELIGIOUS FIGURE,RELIGION,INSTITUTIONS
23767,Paul Keating,Sydney,,Australia,Male,POLITICIAN,GOVERNMENT,INSTITUTIONS
23794,Pope Alexander I,Rome,,ITALY,Male,RELIGIOUS FIGURE,RELIGION,INSTITUTIONS
23803,Pope Leo III,Rome,,ITALY,Male,RELIGIOUS FIGURE,RELIGION,INSTITUTIONS
23826,Pope Adrian III,Rome,,ITALY,Male,RELIGIOUS FIGURE,RELIGION,INSTITUTIONS
23867,Pompey,Roman Republic,,Italy,Male,POLITICIAN,GOVERNMENT,INSTITUTIONS
24028,Pope Paul VI,Concesio,,ITALY,Male,RELIGIOUS FIGURE,RELIGION,INSTITUTIONS
24055,Pope Boniface III,Rome,,ITALY,Male,RELIGIOUS FIGURE,RELIGION,INSTITUTIONS
24103,Pope Clement VI,Rosiers-d'Égletons,,FRANCE,Male,RELIGIOUS FIGURE,RELIGION,INSTITUTIONS
24122,Pope Clement IX,Pistoia,,ITALY,Male,RELIGIOUS FIGURE,RELIGION,INSTITUTIONS
24124,Pope Clement XI,Urbino,,ITALY,Male,RELIGIOUS FIGURE,RELIGION,INSTITUTIONS
24153,Pope Celestine II,Città di Castello,,Italy,Male,RELIGIOUS FIGURE,RELIGION,INSTITUTIONS
24219,Pope Callixtus I,Rome,,Italy,Male,RELIGIOUS FIGURE,RELIGION,INSTITUTIONS
24284,Pope Urban II,Lagery,,France,Male,RELIGIOUS FIGURE,RELIGION,INSTITUTIONS
24310,Pope Silvester I,Rome,,ITALY,Male,RELIGIOUS FIGURE,RELIGION,INSTITUTIONS
24311,Pope Silvester III,Rome,,ITALY,Male,RELIGIOUS FIGURE,RELIGION,INSTITUTIONS
24339,Pope Stephen VIII,Rome,,ITALY,Male,RELIGIOUS FIGURE,RELIGION,INSTITUTIONS
24382,Pope Victor I,Leptis Magna,,Libya,Male,RELIGIOUS FIGURE,RELIGION,INSTITUTIONS
24503,Pyotr Ilyich Tchaikovsky,Votkinsk,,Russia,Male,COMPOSER,MUSIC,ARTS
24517,Plutarch,Chaeronea,,Greece,Male,PHILOSOPHER,PHILOSOPHY,HUMANITIES
24518,Peter Sellers,Portsmouth,,United Kingdom,Male,ACTOR,FILM AND THEATRE,ARTS
25022,Paul Auster,Newark,NJ,UNITED STATES,Male,WRITER,LANGUAGE,HUMANITIES
25493,Ridley Scott,South Shields,,UNITED KINGDOM,Male,FILM DIRECTOR,FILM AND THEATRE,ARTS
25695,Russell Crowe,Wellington,,NEW ZEALAND,Male,ACTOR,FILM AND THEATRE,ARTS
25740,Robert E. Lee,Stratford Hall,VA,UNITED STATES,Male,MILITARY PERSONNEL,MILITARY,INSTITUTIONS
25877,Anastasios II,Other,,Unknown,Male,POLITICIAN,GOVERNMENT,INSTITUTIONS
26232,Ruhollah Khomeini,Khomeyn,,Iran,Male,RELIGIOUS FIGURE,RELIGION,INSTITUTIONS
26444,Robert Louis Stevenson,Edinburgh,,UNITED KINGDOM,Male,WRITER,LANGUAGE,HUMANITIES
26941,Spike Lee,Atlanta,GA,UNITED STATES,Male,FILM DIRECTOR,FILM AND THEATRE,ARTS
26954,Stephen King,Portland,ME,UNITED STATES,Male,WRITER,LANGUAGE,HUMANITIES
26983,Saladin,Tikrit,,Iraq,Male,POLITICIAN,GOVERNMENT,INSTITUTIONS
27069,Søren Kierkegaard,Copenhagen,,DENMARK,Male,PHILOSOPHER,PHILOSOPHY,HUMANITIES
27681,Sergei Prokofiev,Krásné,,Ukraine,Male,COMPOSER,MUSIC,ARTS
28018,Simon Magus,Other,,Unknown,Male,RELIGIOUS FIGURE,RELIGION,INSTITUTIONS
30038,Thomas Huxley,Ealing,,United Kingdom,Male,BIOLOGIST,NATURAL SCIENCES,SCIENCE & TECHNOLOGY
30502,Thomas Cranmer,Aslockton,,UNITED KINGDOM,Male,SOCIAL ACTIVIST,ACTIVISM,PUBLIC FIGURE
30570,Trajan,Italica,,Spain,Male,POLITICIAN,GOVERNMENT,INSTITUTIONS
30638,Thomas Malory,Warwickshire,,United Kingdom,Male,WRITER,LANGUAGE,HUMANITIES
31134,Nikolai Trubetzkoy,Moscow,,Russia,Male,LINGUIST,LANGUAGE,HUMANITIES
31222,Theodoric the Great,Carnuntum,,Austria,Male,POLITICIAN,GOVERNMENT,INSTITUTIONS
32048,Urho Kekkonen,Pielavesi,,FINLAND,Male,POLITICIAN,GOVERNMENT,INSTITUTIONS
32603,Vincent van Gogh,Zundert,,NETHERLANDS,Male,PAINTER,FINE ARTS,ARTS
32794,Marcus Vitruvius Pollio,Other,,Unknown,Male,ARCHITECT,DESIGN,ARTS
32836,Vicente Fox,León,,Mexico,Male,POLITICIAN,GOVERNMENT,INSTITUTIONS
33133,Walter Houser Brattain,China-Amoy,,China,Male,PHYSICIST,NATURAL SCIENCES,SCIENCE & TECHNOLOGY
33138,Werner Herzog,Munich,,GERMANY,Male,FILM DIRECTOR,FILM AND THEATRE,ARTS
33820,Wassily Kandinsky,Moscow,,Russia,Male,ARTIST,FINE ARTS,ARTS
33825,Wole Soyinka,Abeokuta,,Nigeria,Male,WRITER,LANGUAGE,HUMANITIES
34126,William Golding,Newquay,,UNITED KINGDOM,Male,WRITER,LANGUAGE,HUMANITIES
36586,Svante Arrhenius,Vik,,NORWAY,Male,CHEMIST,NATURAL SCIENCES,SCIENCE & TECHNOLOGY
36942,Christopher Tolkien,Leeds,,UNITED KINGDOM,Male,WRITER,LANGUAGE,HUMANITIES
37190,Thomas Becket,London,,United Kingdom,Male,RELIGIOUS FIGURE,RELIGION,INSTITUTIONS
37252,John Knox,Haddington,,UNITED KINGDOM,Male,RELIGIOUS FIGURE,RELIGION,INSTITUTIONS
37661,Alfred Kinsey,Hoboken,NJ,UNITED STATES,Male,PSYCHOLOGIST,SOCIAL SCIENCES,SCIENCE & TECHNOLOGY
37931,Pietro Mascagni,Livorno,,ITALY,Male,COMPOSER,MUSIC,ARTS
38367,Oskar Schindler,Svitavy,,Czech Republic,Male,BUSINESSPERSON,BUSINESS,BUSINESS & LAW
38375,Hypatia of Alexandria,Alexandria,,Egypt,Female,MATHEMATICIAN,MATH,SCIENCE & TECHNOLOGY
38895,"Charles IV, Holy Roman Emperor",Prague,,CZECH REPUBLIC,Male,POLITICIAN,GOVERNMENT,INSTITUTIONS
38953,Roberto Rossellini,Rome,,ITALY,Male,FILM DIRECTOR,FILM AND THEATRE,ARTS
320172,Joyce Carol Oates,Lockport,NY,UNITED STATES,Female,WRITER,LANGUAGE,HUMANITIES
39879,Alan Rickman,Hammersmith,,UNITED KINGDOM,Male,ACTOR,FILM AND THEATRE,ARTS
40676,Luc Besson,Paris,,FRANCE,Male,FILM DIRECTOR,FILM AND THEATRE,ARTS
41902,Ludwig Erhard,Fürth,,GERMANY,Male,BUSINESSPERSON,BUSINESS,BUSINESS & LAW
42278,Sepp Blatter,Visp,,Switzerland,Male,BUSINESSPERSON,BUSINESS,BUSINESS & LAW
42636,Hubert Humphrey,Wallace,SD,United States,Male,POLITICIAN,GOVERNMENT,INSTITUTIONS
42650,Marcel Duchamp,Blainville-Crevon,,France,Male,ARTIST,FINE ARTS,ARTS
43115,Ava Gardner,Smithfield,NC,United States,Female,ACTOR,FILM AND THEATRE,ARTS
8176,Dave Brubeck,San Francisco-Bay Area,CA,UNITED STATES,Male,MUSICIAN,MUSIC,ARTS
43469,Karel Čapek,Malé Svatoňovice,,CZECH REPUBLIC,Male,WRITER,LANGUAGE,HUMANITIES
7886,Drew Barrymore,Los Angeles,CA,UNITED STATES,Female,ACTOR,FILM AND THEATRE,ARTS
43675,Laurence Olivier,Dorking,,UNITED KINGDOM,Male,ACTOR,FILM AND THEATRE,ARTS
358987,Spencer Tunick,Middletown,NY,UNITED STATES,Male,PHOTOGRAPHER,FINE ARTS,ARTS
43983,Yitzhak Rabin,Jerusalem,,Israel,Male,POLITICIAN,GOVERNMENT,INSTITUTIONS
44319,Elizabeth of Russia,Kolomenskoye,,Russia,Female,POLITICIAN,GOVERNMENT,INSTITUTIONS
44324,Commodus,Lanuvium,,ITALY,Male,POLITICIAN,GOVERNMENT,INSTITUTIONS
44459,Glenn Close,Greenwich,CT,UNITED STATES,Female,ACTOR,FILM AND THEATRE,ARTS
44517,François Boucher,Paris,,FRANCE,Male,PAINTER,FINE ARTS,ARTS
44980,Émile Zola,Paris,,FRANCE,Male,WRITER,LANGUAGE,HUMANITIES
45077,Giacomo Leopardi,Recanati,,ITALY,Male,WRITER,LANGUAGE,HUMANITIES
45080,Vasco da Gama,Sines,,PORTUGAL,Male,EXPLORER,EXPLORERS,EXPLORATION
45381,Pope Gelasius II,Gaeta,,Italy,Male,RELIGIOUS FIGURE,RELIGION,INSTITUTIONS
45592,Bartolomeu Dias,Algarve,,Portugal,Male,EXPLORER,EXPLORERS,EXPLORATION
45968,Tom Jones,Treforest,,UNITED KINGDOM,Male,SINGER,MUSIC,ARTS
46000,Alexander John Cuza,Bârlad,,Romania,Male,POLITICIAN,GOVERNMENT,INSTITUTIONS
46381,Jan van Eyck,Maaseik,,Belgium,Male,PAINTER,FINE ARTS,ARTS
46390,Edward IV of England,Normandy,,France,Male,POLITICIAN,GOVERNMENT,INSTITUTIONS
46762,Alfred Marshall,London,,United Kingdom,Male,ECONOMIST,SOCIAL SCIENCES,SCIENCE & TECHNOLOGY
46827,Jesse Owens,Oakville,AL,UNITED STATES,Male,ATHLETE,INDIVIDUAL SPORTS,SPORTS
46861,Henry IV of England,Lincolnshire,,UNITED KINGDOM,Male,NOBLEMAN,GOVERNMENT,INSTITUTIONS
47072,Catherine of Valois,Paris,,France,Female,COMPANION,COMPANIONS,PUBLIC FIGURE
47118,Darius I of Persia,Other,,Iran,Male,POLITICIAN,GOVERNMENT,INSTITUTIONS
47407,Gabriele D'Annunzio,Pescara,,ITALY,Male,WRITER,LANGUAGE,HUMANITIES
48927,Camille Saint-Saëns,Paris,,FRANCE,Male,COMPOSER,MUSIC,ARTS
49072,Francis Galton,Birmingham,,UNITED KINGDOM,Male,STATISTICIAN,MATH,SCIENCE & TECHNOLOGY
49407,Pliny the Younger,Como,,ITALY,Male,WRITER,LANGUAGE,HUMANITIES
49562,Nicolae Ceauşescu,Scornicești,,ROMANIA,Male,POLITICIAN,GOVERNMENT,INSTITUTIONS
50122,Yuri Andropov,Stavropol,,Russia,Male,POLITICIAN,GOVERNMENT,INSTITUTIONS
50552,James V of Scotland,Linlithgow,,United Kingdom,Male,POLITICIAN,GOVERNMENT,INSTITUTIONS
154247,Eddie Vedder,Chicago,IL,UNITED STATES,Male,MUSICIAN,MUSIC,ARTS
51083,Mikael Agricola,Pernå,,FINLAND,Male,WRITER,LANGUAGE,HUMANITIES
51301,Pope Pontian,Other,,Unknown,Male,RELIGIOUS FIGURE,RELIGION,INSTITUTIONS
52585,Thespis,Icaria,,Greece,Male,ACTOR,FILM AND THEATRE,ARTS
52592,George Sand,Paris,,FRANCE,Female,WRITER,LANGUAGE,HUMANITIES
52608,Sigismund III Vasa,Mariefred,,SWEDEN,Male,POLITICIAN,GOVERNMENT,INSTITUTIONS
52627,Antonio Banderas,Málaga,,SPAIN,Male,ACTOR,FILM AND THEATRE,ARTS
18938265,Weird Al Yankovic,Los Angeles,CA,UNITED STATES,Male,SINGER,MUSIC,ARTS
52739,Hernando de Soto,Jerez de los Caballeros,,Spain,Male,EXPLORER,EXPLORERS,EXPLORATION
53360,Cole Porter,Peru,IN,United States,Male,COMPOSER,MUSIC,ARTS
423514,Matt Dillon,Lower Hudson Valley,NY,United States,Male,ACTOR,FILM AND THEATRE,ARTS
54132,Olof Palme,Östermalm borough,,Sweden,Male,POLITICIAN,GOVERNMENT,INSTITUTIONS
54303,Raymond Queneau,Le Havre,,FRANCE,Male,WRITER,LANGUAGE,HUMANITIES
54953,Olybrius,Other,,Unknown,Male,POLITICIAN,GOVERNMENT,INSTITUTIONS
54956,"Charles de Secondat, baron de Montesquieu",La Brède,,France,Male,PHILOSOPHER,PHILOSOPHY,HUMANITIES
55029,Larry Bird,West Baden Springs,IN,UNITED STATES,Male,BASKETBALL PLAYER,TEAM SPORTS,SPORTS
55434,Jean-François Champollion,Figeac,,France,Male,ARCHAEOLOGIST,NATURAL SCIENCES,SCIENCE & TECHNOLOGY
58925,Margrethe II of Denmark,Amalienborg,,DENMARK,Female,NOBLEMAN,GOVERNMENT,INSTITUTIONS
59378,John Dryden,Aldwincle,,UNITED KINGDOM,Male,WRITER,LANGUAGE,HUMANITIES
6824,Carl Sagan,New York,NY,UNITED STATES,Male,ASTRONOMER,NATURAL SCIENCES,SCIENCE & TECHNOLOGY
60203,Henri Matisse,Le Cateau-Cambrésis,,France,Male,PAINTER,FINE ARTS,ARTS
60557,Emmeline Pankhurst,Moss Side,,United Kingdom,Female,SOCIAL ACTIVIST,ACTIVISM,PUBLIC FIGURE
60633,Dmitri Mendeleev,Tobolsk,,Russia,Male,CHEMIST,NATURAL SCIENCES,SCIENCE & TECHNOLOGY
61325,Wilhelm Conrad Röntgen,Remscheid,,Germany,Male,PHYSICIST,NATURAL SCIENCES,SCIENCE & TECHNOLOGY
61350,Claudette Colbert,Saint-Mandé,,France,Female,ACTOR,FILM AND THEATRE,ARTS
61479,Michael Caine,Rotherhithe,,UNITED KINGDOM,Male,ACTOR,FILM AND THEATRE,ARTS
61822,Michael Ondaatje,Colombo,,SRI LANKA,Male,WRITER,LANGUAGE,HUMANITIES
61987,James Francis Edward Stuart,London,,United Kingdom,Male,POLITICIAN,GOVERNMENT,INSTITUTIONS
12590,Grace Hopper,New York,NY,UNITED STATES,Female,COMPUTER SCIENTIST,COMPUTER SCIENCE,SCIENCE & TECHNOLOGY
62556,Joseph Bonaparte,Corte,,FRANCE,Male,COMPANION,COMPANIONS,PUBLIC FIGURE
62665,"Marie Louise, Duchess of Parma",Vienna,,Austria,Female,COMPANION,COMPANIONS,PUBLIC FIGURE
63093,Joan Miró,Barcelona,,SPAIN,Male,PAINTER,FINE ARTS,ARTS
63306,Jaroslav Seifert,Žižkov,,Czech Republic,Male,WRITER,LANGUAGE,HUMANITIES
63342,P. G. Wodehouse,Guildford,,UNITED KINGDOM,Male,WRITER,LANGUAGE,HUMANITIES
14045,Humphrey Bogart,New York,NY,UNITED STATES,Male,ACTOR,FILM AND THEATRE,ARTS
63689,Patricia Highsmith,Fort Worth,TX,UNITED STATES,Female,WRITER,LANGUAGE,HUMANITIES
63727,Alan Shepard,Derry,NH,United States,Male,ASTRONAUT,EXPLORERS,EXPLORATION
64069,Jack Kilby,Jefferson City,MO,UNITED STATES,Male,ENGINEER,ENGINEERING,SCIENCE & TECHNOLOGY
64719,Paul Gauguin,Paris,,FRANCE,Male,PAINTER,FINE ARTS,ARTS
64935,Bartholomäus,Iudaea,,Palestine,Male,RELIGIOUS FIGURE,RELIGION,INSTITUTIONS
16046,James Cagney,New York,NY,UNITED STATES,Male,ACTOR,FILM AND THEATRE,ARTS
65129,Jaroslav Hašek,Prague,,CZECH REPUBLIC,Male,WRITER,LANGUAGE,HUMANITIES
65738,Georges Clémenceau,Mouilleron-en-Pareds,,France,Male,POLITICIAN,GOVERNMENT,INSTITUTIONS
66592,Pierre Boulez,Montbrison,,France,Male,COMPOSER,MUSIC,ARTS
66640,Arnold J. Toynbee,London,,UNITED KINGDOM,Male,HISTORIAN,HISTORY,HUMANITIES
67377,Ho Chi Minh,Nghe An Province,,Vietnam,Male,POLITICIAN,GOVERNMENT,INSTITUTIONS
67482,Richard Strauss,Munich,,GERMANY,Male,COMPOSER,MUSIC,ARTS
67763,Jessica Lange,Cloquet,MN,UNITED STATES,Female,ACTOR,FILM AND THEATRE,ARTS
68517,Pedro de Valdivia,Villanueva de la Serena,,SPAIN,Male,MILITARY PERSONNEL,MILITARY,INSTITUTIONS
68849,Zacharias,Jerusalem,,Israel,Male,RELIGIOUS FIGURE,RELIGION,INSTITUTIONS
69695,Necho II,Other,,Unknown,Male,POLITICIAN,GOVERNMENT,INSTITUTIONS
69804,Phidias,Other,,Unknown,Male,SCULPTOR,FINE ARTS,ARTS
69852,Donatello,Florence,,Italy,Male,PAINTER,FINE ARTS,ARTS
70369,Cyrano de Bergerac,Paris,,FRANCE,Male,WRITER,LANGUAGE,HUMANITIES
70394,Clotaire II,Other,,Unknown,Male,POLITICIAN,GOVERNMENT,INSTITUTIONS
70509,Robert Southey,Bristol,,UNITED KINGDOM,Male,WRITER,LANGUAGE,HUMANITIES
70602,Jacques Cartier,Saint-Malo,,France,Male,EXPLORER,EXPLORERS,EXPLORATION
71870,Johnny Depp,Owensboro,KY,UNITED STATES,Male,ACTOR,FILM AND THEATRE,ARTS
71932,Andrés Segovia,Linares,,SPAIN,Male,MUSICIAN,MUSIC,ARTS
73757,Věra Čáslavská,Prague,,CZECH REPUBLIC,Female,GYMNAST,INDIVIDUAL SPORTS,SPORTS
73886,Heraklonas,Other,,Unknown,Male,POLITICIAN,GOVERNMENT,INSTITUTIONS
74221,John III Doukas Vatatzes,Didymoteicho,,GREECE,Male,POLITICIAN,GOVERNMENT,INSTITUTIONS
74647,Valentinian III,Ravenna,,ITALY,Male,POLITICIAN,GOVERNMENT,INSTITUTIONS
75088,Maximian,Sirmium,,Serbia,Male,POLITICIAN,GOVERNMENT,INSTITUTIONS
75626,Jean Chrétien,Shawinigan,,CANADA,Male,POLITICIAN,GOVERNMENT,INSTITUTIONS
76370,Felix Mendelssohn-Bartholdy,Hamburg,,GERMANY,Male,COMPOSER,MUSIC,ARTS
77032,Kabir,Pratapgarh,,India,Male,PHILOSOPHER,PHILOSOPHY,HUMANITIES
77127,Vere Gordon Childe,Sydney,,Australia,Male,ARCHAEOLOGIST,NATURAL SCIENCES,SCIENCE & TECHNOLOGY
77447,Charles V of France,Vincennes,,France,Male,POLITICIAN,GOVERNMENT,INSTITUTIONS
20217,Murray Rothbard,New York,NY,UNITED STATES,Male,ECONOMIST,SOCIAL SCIENCES,SCIENCE & TECHNOLOGY
77788,Albert Uderzo,Fismes,,France,Male,COMIC ARTIST,DESIGN,ARTS
77816,Pope Vitalian,Segni,,ITALY,Male,RELIGIOUS FIGURE,RELIGION,INSTITUTIONS
78468,David Attenborough,Isleworth,,United Kingdom,Male,PRESENTER,MEDIA PERSONALITY,PUBLIC FIGURE
79380,Hans Christian Gram,Copenhagen,,DENMARK,Male,BIOLOGIST,NATURAL SCIENCES,SCIENCE & TECHNOLOGY
79596,Louis VIII of France,Paris,,FRANCE,Male,POLITICIAN,GOVERNMENT,INSTITUTIONS
79956,Giuseppe Piazzi,Ponte in Valtellina,,ITALY,Male,ASTRONOMER,NATURAL SCIENCES,SCIENCE & TECHNOLOGY
80063,Le Duc Tho,Hà Nam Province,,Vietnam,Male,SOCIAL ACTIVIST,ACTIVISM,PUBLIC FIGURE
80395,Anne of Austria,Valladolid,,Spain,Female,NOBLEMAN,GOVERNMENT,INSTITUTIONS
80646,Elliott Smith,Omaha,NE,UNITED STATES,Male,MUSICIAN,MUSIC,ARTS
81586,Rainer Werner Fassbinder,Bad Wörishofen,,Germany,Male,FILM DIRECTOR,FILM AND THEATRE,ARTS
81859,James Prescott Joule,Manchester,,UNITED KINGDOM,Male,PHYSICIST,NATURAL SCIENCES,SCIENCE & TECHNOLOGY
84163,Seleucus IV Philopator,Other,,Unknown,Male,POLITICIAN,GOVERNMENT,INSTITUTIONS
84271,John Kenneth Galbraith,Iona Station,,Canada,Male,ECONOMIST,SOCIAL SCIENCES,SCIENCE & TECHNOLOGY
85036,Maxim Gorky,Nizhny Novgorod,,Russia,Male,WRITER,LANGUAGE,HUMANITIES
85775,Junianus Justinus,Other,,Unknown,Male,HISTORIAN,HISTORY,HUMANITIES
86346,James Naismith,Almonte,,CANADA,Male,INVENTOR,INVENTION,SCIENCE & TECHNOLOGY
87603,Robert Mitchum,Bridgeport,CT,UNITED STATES,Male,ACTOR,FILM AND THEATRE,ARTS
89059,Garret Hobart,Long Branch,NJ,United States,Male,POLITICIAN,GOVERNMENT,INSTITUTIONS
89141,John C. Breckinridge,Lexington,KY,UNITED STATES,Male,POLITICIAN,GOVERNMENT,INSTITUTIONS
89771,Paul Morphy,New Orleans,LA,United States,Male,CHESSMASTER,INDIVIDUAL SPORTS,SPORTS
92224,Cleopatra I of Egypt,Other,,Unknown,Female,POLITICIAN,GOVERNMENT,INSTITUTIONS
98050,Ruud Lubbers,Rotterdam,,NETHERLANDS,Male,POLITICIAN,GOVERNMENT,INSTITUTIONS
98409,Theophrastus,Eresos,,Greece,Male,PHILOSOPHER,PHILOSOPHY,HUMANITIES
19373302,Christina Applegate,Los Angeles,CA,UNITED STATES,Female,ACTOR,FILM AND THEATRE,ARTS
102910,Steve Martin,Waco,TX,United States,Male,ACTOR,FILM AND THEATRE,ARTS
105329,Jean Renoir,Montmartre,,France,Male,ACTOR,FILM AND THEATRE,ARTS
2456471,M. Shadows,Los Angeles,CA,UNITED STATES,Male,SINGER,MUSIC,ARTS
113518,Myron Scholes,Timmins,,CANADA,Male,ECONOMIST,SOCIAL SCIENCES,SCIENCE & TECHNOLOGY
123612,John Rawls,Baltimore,MD,UNITED STATES,Male,PHILOSOPHER,PHILOSOPHY,HUMANITIES
124011,Adam Clayton,Chinnor,,UNITED KINGDOM,Male,MUSICIAN,MUSIC,ARTS
128171,Mike Hawthorn,Mexborough,,UNITED KINGDOM,Male,RACECAR DRIVER,INDIVIDUAL SPORTS,SPORTS
129194,Brian Epstein,Liverpool,,UNITED KINGDOM,Male,BUSINESSPERSON,BUSINESS,BUSINESS & LAW
133249,Madeleine Albright,Prague,,Czech Republic,Female,DIPLOMAT,GOVERNMENT,INSTITUTIONS
136763,Ingvar Kamprad,Agunnaryd,,SWEDEN,Male,BUSINESSPERSON,BUSINESS,BUSINESS & LAW
140489,Hormizd I,Other,,Unknown,Male,POLITICIAN,GOVERNMENT,INSTITUTIONS
140683,Agathias,Other,,Unknown,Male,WRITER,LANGUAGE,HUMANITIES
140757,Francesco Redi,Arezzo,,ITALY,Male,PHYSICIAN,MEDICINE,SCIENCE & TECHNOLOGY
142056,Madonna,Bay City,MI,UNITED STATES,Female,MUSICIAN,MUSIC,ARTS
142536,Peter Tosh,Westmoreland Parish,,JAMAICA,Male,MUSICIAN,MUSIC,ARTS
142550,Yo-Yo Ma,Paris,,FRANCE,Male,COMPOSER,MUSIC,ARTS
143691,Gaius Julius Hyginus,Other,,Unknown,Male,WRITER,LANGUAGE,HUMANITIES
144178,Sathya Sai Baba,Puttaparthi,,India,Male,PRODUCER,BUSINESS,BUSINESS & LAW
145129,Giovanni Schiaparelli,Savigliano,,ITALY,Male,ASTRONOMER,NATURAL SCIENCES,SCIENCE & TECHNOLOGY
145432,Guy of Lusignan,Nicosia,,CYPRUS,Male,POLITICIAN,GOVERNMENT,INSTITUTIONS
179331,Will Ferrell,Los Angeles,CA,UNITED STATES,Male,ACTOR,FILM AND THEATRE,ARTS
146714,Max Schmeling,Klein Luckow,,Germany,Male,BOXER,INDIVIDUAL SPORTS,SPORTS
147149,Stéphane Grappelli,Paris,,FRANCE,Male,MUSICIAN,MUSIC,ARTS
147237,Laurent Gbagbo,Gagnoa,,Ivory Coast,Male,POLITICIAN,GOVERNMENT,INSTITUTIONS
147672,Simon Pegg,Brockworth,,UNITED KINGDOM,Male,WRITER,LANGUAGE,HUMANITIES
147749,Herennius Etruscus,Sirmium,,Serbia,Male,POLITICIAN,GOVERNMENT,INSTITUTIONS
147831,Tomáš Masaryk,Hodonín,,CZECH REPUBLIC,Male,POLITICIAN,GOVERNMENT,INSTITUTIONS
147873,Michelle Yeoh,Ipoh,,MALAYSIA,Female,ACTOR,FILM AND THEATRE,ARTS
148189,Vasili I of Russia,Moscow,,Russia,Male,POLITICIAN,GOVERNMENT,INSTITUTIONS
148683,Didius Julianus,Milan,,ITALY,Male,POLITICIAN,GOVERNMENT,INSTITUTIONS
148784,Queen Latifah,Newark,NJ,UNITED STATES,Female,ACTOR,FILM AND THEATRE,ARTS
149117,Thomas Bayes,London,,UNITED KINGDOM,Male,STATISTICIAN,MATH,SCIENCE & TECHNOLOGY
149690,Robin Gibb,Douglas,,Isle of Man,Male,SINGER,MUSIC,ARTS
150060,Maggie Cheung,Hong Kong,,CHINA,Female,ACTOR,FILM AND THEATRE,ARTS
150091,George Foreman,Marshall,TX,United States,Male,BOXER,INDIVIDUAL SPORTS,SPORTS
150209,Robert Smith,Blackpool,,UNITED KINGDOM,Male,MUSICIAN,MUSIC,ARTS
150876,Christian IV of Denmark,Hillerød,,Denmark,Male,POLITICIAN,GOVERNMENT,INSTITUTIONS
151337,Mary of Burgundy,Brussels,,BELGIUM,Female,POLITICIAN,GOVERNMENT,INSTITUTIONS
151373,Agustín de Iturbide,Morelia,,MEXICO,Male,POLITICIAN,GOVERNMENT,INSTITUTIONS
285187,Jennifer Beals,Chicago,IL,United States,Female,ACTOR,FILM AND THEATRE,ARTS
152833,Sitting Bull,Grand River,ND,United States,Male,POLITICIAN,GOVERNMENT,INSTITUTIONS
153956,Richard Gere,Philadelphia,PA,UNITED STATES,Male,ACTOR,FILM AND THEATRE,ARTS
154060,Baldur von Schirach,Berlin,,Germany,Male,POLITICIAN,GOVERNMENT,INSTITUTIONS
154081,Timothy Dalton,Colwyn Bay,,UNITED KINGDOM,Male,ACTOR,FILM AND THEATRE,ARTS
154352,Georges Danton,Arcis-sur-Aube,,France,Male,POLITICIAN,GOVERNMENT,INSTITUTIONS
154660,"Henry Temple, 3rd Viscount Palmerston",London,,UNITED KINGDOM,Male,PUBLIC WORKER,GOVERNMENT,INSTITUTIONS
155166,Mstislav Rostropovich,Baku,,AZERBAIJAN,Male,MUSICIAN,MUSIC,ARTS
155712,Max Bruch,Cologne,,Germany,Male,COMPOSER,MUSIC,ARTS
155979,Julie Delpy,Paris,,France,Female,ACTOR,FILM AND THEATRE,ARTS
156005,Jacques Necker,Geneva,,SWITZERLAND,Male,POLITICIAN,GOVERNMENT,INSTITUTIONS
156198,Zhang Yimou,Xi'an,,China,Male,FILM DIRECTOR,FILM AND THEATRE,ARTS
156506,Fanny Ardant,Saumur,,FRANCE,Female,ACTOR,FILM AND THEATRE,ARTS
157544,Jugurtha,Tunisia,,Tunisia,Male,POLITICIAN,GOVERNMENT,INSTITUTIONS
157799,Joseph Merrick,Leicester,,UNITED KINGDOM,Male,CELEBRITY,MEDIA PERSONALITY,PUBLIC FIGURE
158595,Rupert Grint,Harlow,,UNITED KINGDOM,Male,ACTOR,FILM AND THEATRE,ARTS
158889,George Clooney,Lexington,KY,UNITED STATES,Male,ACTOR,FILM AND THEATRE,ARTS
1135560,Lloyd Shapley,Boston,MA,UNITED STATES,Male,MATHEMATICIAN,MATH,SCIENCE & TECHNOLOGY
159381,Hans Zimmer,Frankfurt,,GERMANY,Male,COMPOSER,MUSIC,ARTS
160201,Paul of Greece,Athens,,Greece,Male,POLITICIAN,GOVERNMENT,INSTITUTIONS
160897,Douglas Hyde,Castlerea,,Ireland,Male,POLITICIAN,GOVERNMENT,INSTITUTIONS
161148,Peter Benenson,London,,UNITED KINGDOM,Male,LAWYER,LAW,BUSINESS & LAW
162279,Samantha Smith,Houlton,ME,UNITED STATES,Female,SOCIAL ACTIVIST,ACTIVISM,PUBLIC FIGURE
162319,Vigdís Finnbogadóttir,Reykjavik,,ICELAND,Female,POLITICIAN,GOVERNMENT,INSTITUTIONS
162654,René Antoine Ferchault de Réaumur,La Rochelle,,France,Male,BIOLOGIST,NATURAL SCIENCES,SCIENCE & TECHNOLOGY
79156,Harvey Keitel,New York,NY,UNITED STATES,Male,ACTOR,FILM AND THEATRE,ARTS
163016,Ken Russell,Southampton,,UNITED KINGDOM,Male,FILM DIRECTOR,FILM AND THEATRE,ARTS
163272,John Bonham,Redditch,,UNITED KINGDOM,Male,MUSICIAN,MUSIC,ARTS
87624,Mickey Rooney,New York,NY,UNITED STATES,Male,ACTOR,FILM AND THEATRE,ARTS
164615,Mauno Koivisto,Turku,,FINLAND,Male,POLITICIAN,GOVERNMENT,INSTITUTIONS
164620,Pehr Evind Svinhufvud,Sääksmäki,,FINLAND,Male,POLITICIAN,GOVERNMENT,INSTITUTIONS
165217,Karl Renner,Dolní Dunajovice,,CZECH REPUBLIC,Male,POLITICIAN,GOVERNMENT,INSTITUTIONS
165243,Pierre de Ronsard,Couture-sur-Loir,,France,Male,WRITER,LANGUAGE,HUMANITIES
165329,Baron Münchhausen,Bodenwerder,,Germany,Male,MILITARY PERSONNEL,MILITARY,INSTITUTIONS
165527,Angela Lansbury,London,,United Kingdom,Female,ACTOR,FILM AND THEATRE,ARTS
166093,Süleyman Demirel,Atabey,,TURKEY,Male,POLITICIAN,GOVERNMENT,INSTITUTIONS
166152,Zhuangzi,Other,,China,Male,PHILOSOPHER,PHILOSOPHY,HUMANITIES
166331,Celia Cruz,Havana,,CUBA,Female,SINGER,MUSIC,ARTS
90095,Ben Stiller,New York,NY,UNITED STATES,Male,ACTOR,FILM AND THEATRE,ARTS
90682,William James,New York,NY,UNITED STATES,Male,PSYCHOLOGIST,SOCIAL SCIENCES,SCIENCE & TECHNOLOGY
168025,Aleksis Kivi,Nurmijärvi,,FINLAND,Male,WRITER,LANGUAGE,HUMANITIES
168171,Helena Blavatsky,Dnipropetrovsk,,Ukraine,Female,WRITER,LANGUAGE,HUMANITIES
168208,Yitzhak Shamir,Ruzhany,,BELARUS,Male,POLITICIAN,GOVERNMENT,INSTITUTIONS
168270,Antiochus XI Epiphanes,Other,,Unknown,Male,POLITICIAN,GOVERNMENT,INSTITUTIONS
168715,Ron Paul,Pittsburgh,PA,UNITED STATES,Male,POLITICIAN,GOVERNMENT,INSTITUTIONS
168725,Eric of Pomerania,Darłowo,,POLAND,Male,PIRATE,OUTLAWS,PUBLIC FIGURE
170974,Jules Bordet,Soignies,,Belgium,Male,BIOLOGIST,NATURAL SCIENCES,SCIENCE & TECHNOLOGY
102095,Robert Hofstadter,New York,NY,UNITED STATES,Male,PHYSICIST,NATURAL SCIENCES,SCIENCE & TECHNOLOGY
171268,Chris Rock,Andrews,SC,UNITED STATES,Male,ACTOR,FILM AND THEATRE,ARTS
171276,Arcesilaus,Bergama,,Turkey,Male,PHILOSOPHER,PHILOSOPHY,HUMANITIES
346473,Chaka Khan,Chicago,IL,UNITED STATES,Female,MUSICIAN,MUSIC,ARTS
172313,Gerd Müller,Nördlingen,,Germany,Male,SOCCER PLAYER,TEAM SPORTS,SPORTS
56439,Jeff Bridges,Los Angeles,CA,UNITED STATES,Male,ACTOR,FILM AND THEATRE,ARTS
175146,Rudolf Clausius,Koszalin,,Poland,Male,PHYSICIST,NATURAL SCIENCES,SCIENCE & TECHNOLOGY
175320,Zog of Albania,Albania,,Albania,Male,POLITICIAN,GOVERNMENT,INSTITUTIONS
175876,Jules Grévy,Mont-sous-Vaudrey,,FRANCE,Male,POLITICIAN,GOVERNMENT,INSTITUTIONS
142510,The Notorious B.I.G.,New York,NY,United States,Male,SINGER,MUSIC,ARTS
177840,Christopher Nolan,London,,UNITED KINGDOM,Male,FILM DIRECTOR,FILM AND THEATRE,ARTS
179334,Isaac Babel,Odessa,,UKRAINE,Male,WRITER,LANGUAGE,HUMANITIES
179859,Béla Kun,Lele,,Romania,Male,POLITICIAN,GOVERNMENT,INSTITUTIONS
72655,Marion Jones,Los Angeles,CA,UNITED STATES,Female,BASKETBALL PLAYER,TEAM SPORTS,SPORTS
182032,Georges Simenon,Liège,,BELGIUM,Male,WRITER,LANGUAGE,HUMANITIES
182057,Marguerite Yourcenar,Brussels,,Belgium,Female,WRITER,LANGUAGE,HUMANITIES
182069,Otto Wallach,Kaliningrad,,Russia,Male,CHEMIST,NATURAL SCIENCES,SCIENCE & TECHNOLOGY
182328,Jozef Tiso,Bytča,,SLOVAKIA,Male,POLITICIAN,GOVERNMENT,INSTITUTIONS
183124,Chris Tucker,Atlanta,GA,UNITED STATES,Male,ACTOR,FILM AND THEATRE,ARTS
94289,Sally Ride,Los Angeles,CA,UNITED STATES,Female,ASTRONAUT,EXPLORERS,EXPLORATION
184236,Ibn Saud of Saudi Arabia,Riyadh,,SAUDI ARABIA,Male,POLITICIAN,GOVERNMENT,INSTITUTIONS
185510,Seneca the Elder,Córdoba,,Spain,Male,WRITER,LANGUAGE,HUMANITIES
186642,Steve Fossett,Jackson,TN,United States,Male,BUSINESSPERSON,BUSINESS,BUSINESS & LAW
189972,Sabbatai Zevi,Smyrna,,Turkey,Male,RELIGIOUS FIGURE,RELIGION,INSTITUTIONS
190445,Gloria Macapagal-Arroyo,Manila,,PHILIPPINES,Female,POLITICIAN,GOVERNMENT,INSTITUTIONS
191285,Natalie Imbruglia,Sydney,,AUSTRALIA,Female,SINGER,MUSIC,ARTS
192080,Jens Stoltenberg,Oslo,,NORWAY,Male,POLITICIAN,GOVERNMENT,INSTITUTIONS
192332,"Patrice de Mac-Mahon, Duke of Magenta",Sully,,France,Male,POLITICIAN,GOVERNMENT,INSTITUTIONS
195357,Pelagius,Other,,Unknown,Male,PHILOSOPHER,PHILOSOPHY,HUMANITIES
196667,Christian VI of Denmark,Copenhagen,,DENMARK,Male,POLITICIAN,GOVERNMENT,INSTITUTIONS
113157,Julie Kavner,Los Angeles,CA,UNITED STATES,Female,ACTOR,FILM AND THEATRE,ARTS
197983,Romano Prodi,Scandiano,,ITALY,Male,POLITICIAN,GOVERNMENT,INSTITUTIONS
198606,Malcolm McDowell,Horsforth,,UNITED KINGDOM,Male,ACTOR,FILM AND THEATRE,ARTS
199116,Henry Campbell-Bannerman,Glasgow,,UNITED KINGDOM,Male,POLITICIAN,GOVERNMENT,INSTITUTIONS
199977,Emmanuel Joseph Sieyès,Fréjus,,France,Male,POLITICIAN,GOVERNMENT,INSTITUTIONS
200269,Annie Besant,Clapham,,United Kingdom,Female,WRITER,LANGUAGE,HUMANITIES
201160,Adolfo Bioy Casares,Buenos Aires,,Argentina,Male,WRITER,LANGUAGE,HUMANITIES
201184,Charles Barkley,Leeds,AL,UNITED STATES,Male,BASKETBALL PLAYER,TEAM SPORTS,SPORTS
201993,Amr Moussa,Cairo,,EGYPT,Male,DIPLOMAT,GOVERNMENT,INSTITUTIONS
202107,André Previn,Berlin,,Germany,Male,MUSICIAN,MUSIC,ARTS
203292,Léon Gambetta,Cahors,,France,Male,POLITICIAN,GOVERNMENT,INSTITUTIONS
203416,Ben Browder,Memphis,TN,UNITED STATES,Male,ACTOR,FILM AND THEATRE,ARTS
204121,Mohammad Amin al-Husayni,Jerusalem,,Israel,Male,POLITICIAN,GOVERNMENT,INSTITUTIONS
161947,Alan Greenspan,New York,NY,UNITED STATES,Male,ECONOMIST,SOCIAL SCIENCES,SCIENCE & TECHNOLOGY
162870,Jay-Z,New York,NY,UNITED STATES,Male,SINGER,MUSIC,ARTS
207041,Ali Hassan al-Majid,Tikrit,,IRAQ,Male,PUBLIC WORKER,GOVERNMENT,INSTITUTIONS
207244,John II Casimir of Poland,Kraków,,Poland,Male,POLITICIAN,GOVERNMENT,INSTITUTIONS
208567,Mohammed V of Morocco,Fes,,MOROCCO,Male,POLITICIAN,GOVERNMENT,INSTITUTIONS
165113,Neil Diamond,New York,NY,UNITED STATES,Male,SINGER,MUSIC,ARTS
208592,Mehmed IV,Istanbul,,TURKEY,Male,POLITICIAN,GOVERNMENT,INSTITUTIONS
208596,Suleiman II,Istanbul,,Turkey,Male,POLITICIAN,GOVERNMENT,INSTITUTIONS
208639,Mahmud II,Istanbul,,Turkey,Male,POLITICIAN,GOVERNMENT,INSTITUTIONS
209918,Ælfweard of Wessex,Wessex,,United Kingdom,Male,POLITICIAN,GOVERNMENT,INSTITUTIONS
210191,Philo,Alexandria,,Egypt,Male,PHILOSOPHER,PHILOSOPHY,HUMANITIES
214155,Stenka Razin,Voronezh,,Russia,Male,SOCIAL ACTIVIST,ACTIVISM,PUBLIC FIGURE
214866,Novalis,Wiederstedt,,Germany,Male,WRITER,LANGUAGE,HUMANITIES
215650,Ertuğrul,Ahlat,,Turkey,Male,POLITICIAN,GOVERNMENT,INSTITUTIONS
217057,Duccio,Siena,,ITALY,Male,ARTIST,FINE ARTS,ARTS
247727,Eugene Merle Shoemaker,Los Angeles,CA,UNITED STATES,Male,ASTRONOMER,NATURAL SCIENCES,SCIENCE & TECHNOLOGY
219217,Gus Van Sant,Louisville,KY,UNITED STATES,Male,FILM DIRECTOR,FILM AND THEATRE,ARTS
220966,Anton Raphael Mengs,Ústí nad Labem,,CZECH REPUBLIC,Male,PAINTER,FINE ARTS,ARTS
221353,Christian Lous Lange,Stavanger,,NORWAY,Male,POLITICAL SCIENTIST,SOCIAL SCIENCES,SCIENCE & TECHNOLOGY
221871,André Ernest Modeste Grétry,Liège,,Belgium,Male,COMPOSER,MUSIC,ARTS
222789,Lata Mangeshkar,Indore,,India,Female,SINGER,MUSIC,ARTS
222978,François Jacob,Nancy,,FRANCE,Male,BIOLOGIST,NATURAL SCIENCES,SCIENCE & TECHNOLOGY
229198,Haruki Murakami,Kyoto,,Japan,Male,WRITER,LANGUAGE,HUMANITIES
231196,Wat Tyler,Kent,,United Kingdom,Male,SOCIAL ACTIVIST,ACTIVISM,PUBLIC FIGURE
231699,Giacomo Casanova,Venice,,ITALY,Male,WRITER,LANGUAGE,HUMANITIES
235340,Muhammad Zia-ul-Haq,Jalandhar,,India,Male,POLITICIAN,GOVERNMENT,INSTITUTIONS
235916,Jada Pinkett Smith,Baltimore,MD,UNITED STATES,Female,ACTOR,FILM AND THEATRE,ARTS
236636,Carl Spitteler,Liestal,,SWITZERLAND,Male,WRITER,LANGUAGE,HUMANITIES
236915,Friedrich Mohs,Gernrode,,Germany,Male,GEOLOGIST,NATURAL SCIENCES,SCIENCE & TECHNOLOGY
237564,Megawati Sukarnoputri,Yogyakarta,,INDONESIA,Female,POLITICIAN,GOVERNMENT,INSTITUTIONS
240550,Trygve Lie,Oslo,,NORWAY,Male,POLITICIAN,GOVERNMENT,INSTITUTIONS
240940,LeBron James,Akron,OH,UNITED STATES,Male,BASKETBALL PLAYER,TEAM SPORTS,SPORTS
241367,Rosalynn Carter,Plains,GA,United States,Female,COMPANION,COMPANIONS,PUBLIC FIGURE
241721,Annie Lennox,Aberdeen,,UNITED KINGDOM,Female,SINGER,MUSIC,ARTS
242216,Publius Quinctilius Varus,Other,,Unknown,Male,POLITICIAN,GOVERNMENT,INSTITUTIONS
242325,Friedrich Ebert,Heidelberg,,GERMANY,Male,POLITICIAN,GOVERNMENT,INSTITUTIONS
242591,Paul Celan,Chernivtsi,,Ukraine,Male,WRITER,LANGUAGE,HUMANITIES
242872,Hana Mandlíková,Prague,,CZECH REPUBLIC,Female,TENNIS PLAYER,INDIVIDUAL SPORTS,SPORTS
243680,Álvaro Uribe,Medellín,,COLOMBIA,Male,POLITICIAN,GOVERNMENT,INSTITUTIONS
244345,Margaret Smith Court,Perth,,AUSTRALIA,Female,TENNIS PLAYER,INDIVIDUAL SPORTS,SPORTS
244666,Frits Zernike,Amsterdam,,NETHERLANDS,Male,PHYSICIST,NATURAL SCIENCES,SCIENCE & TECHNOLOGY
245437,Saint Christopher,Canaan,,Israel,Male,RELIGIOUS FIGURE,RELIGION,INSTITUTIONS
245682,Willard Libby,Grand Valley,UT,United States,Male,CHEMIST,NATURAL SCIENCES,SCIENCE & TECHNOLOGY
458428,"Freddie Prinze, Jr.",Los Angeles,CA,UNITED STATES,Male,ACTOR,FILM AND THEATRE,ARTS
250979,Johann Christian Bach,Leipzig,,Germany,Male,COMPOSER,MUSIC,ARTS
252342,Aristippus,Cyrene,,Libya,Male,PHILOSOPHER,PHILOSOPHY,HUMANITIES
252345,Tiberius II Constantine,Thrace,,Turkey,Male,POLITICIAN,GOVERNMENT,INSTITUTIONS
252440,Carl Ferdinand Cori,Prague,,CZECH REPUBLIC,Male,CHEMIST,NATURAL SCIENCES,SCIENCE & TECHNOLOGY
252487,Constantine IV,Istanbul,,Turkey,Male,POLITICIAN,GOVERNMENT,INSTITUTIONS
252633,Marty Friedman,"Washington, D.C.",,United States,Male,MUSICIAN,MUSIC,ARTS
252891,Sancho II of Portugal,Coimbra,,PORTUGAL,Male,POLITICIAN,GOVERNMENT,INSTITUTIONS
253429,Constantine VI,Other,,Unknown,Male,POLITICIAN,GOVERNMENT,INSTITUTIONS
253962,Edward of Portugal,Viseu,,PORTUGAL,Male,POLITICIAN,GOVERNMENT,INSTITUTIONS
253968,Sebastian of Portugal,Lisbon,,Portugal,Male,POLITICIAN,GOVERNMENT,INSTITUTIONS
254015,Dale Carnegie,Maryville,MO,UNITED STATES,Male,WRITER,LANGUAGE,HUMANITIES
254781,Alexander Glazunov,Saint Petersburg,,Russia,Male,MUSICIAN,MUSIC,ARTS
518700,Jennifer Hudson,Chicago,IL,UNITED STATES,Female,ACTOR,FILM AND THEATRE,ARTS
525038,Bernie Mac,Chicago,IL,UNITED STATES,Male,ACTOR,FILM AND THEATRE,ARTS
262149,William John Macquorn Rankine,Edinburgh,,UNITED KINGDOM,Male,ENGINEER,ENGINEERING,SCIENCE & TECHNOLOGY
219358,Marisa Tomei,New York,NY,UNITED STATES,Female,ACTOR,FILM AND THEATRE,ARTS
262264,Andrea Gabrieli,Venice,,ITALY,Male,COMPOSER,MUSIC,ARTS
262459,Rob Halford,The Royal Town of Sutton Coldfield,,UNITED KINGDOM,Male,SINGER,MUSIC,ARTS
262793,Kim Clijsters,Bilzen,,BELGIUM,Female,TENNIS PLAYER,INDIVIDUAL SPORTS,SPORTS
224484,Claire Danes,New York,NY,UNITED STATES,Female,ACTOR,FILM AND THEATRE,ARTS
264525,Georg Michaelis,Chojnów,,Poland,Male,POLITICIAN,GOVERNMENT,INSTITUTIONS
271425,Mario Andretti,Motovun,,CROATIA,Male,RACECAR DRIVER,INDIVIDUAL SPORTS,SPORTS
272105,Matthias Corvinus of Hungary,Cluj-Napoca,,ROMANIA,Male,POLITICIAN,GOVERNMENT,INSTITUTIONS
273489,Phil Selway,Abingdon,,UNITED KINGDOM,Male,MUSICIAN,MUSIC,ARTS
275057,Davíð Oddsson,Reykjavik,,ICELAND,Male,POLITICIAN,GOVERNMENT,INSTITUTIONS
240846,Hermann Joseph Muller,New York,NY,UNITED STATES,Male,BIOLOGIST,NATURAL SCIENCES,SCIENCE & TECHNOLOGY
276820,Simon Kuznets,Pinsk,,Belarus,Male,ECONOMIST,SOCIAL SCIENCES,SCIENCE & TECHNOLOGY
248413,Sonny Rollins,New York,NY,UNITED STATES,Male,MUSICIAN,MUSIC,ARTS
285723,Wenceslaus III of Bohemia,Prague,,CZECH REPUBLIC,Male,POLITICIAN,GOVERNMENT,INSTITUTIONS
286594,Maurice Garin,Arvier,,ITALY,Male,CYCLIST,INDIVIDUAL SPORTS,SPORTS
287007,Costa-Gavras,Iraia,,Greece,Male,FILM DIRECTOR,FILM AND THEATRE,ARTS
289950,George Emil Palade,Iași,,ROMANIA,Male,PHYSICIAN,MEDICINE,SCIENCE & TECHNOLOGY
290687,Semyon Timoshenko,Bessarabia,,Ukraine,Male,MILITARY PERSONNEL,MILITARY,INSTITUTIONS
291520,Mischa Barton,Hammersmith,,UNITED KINGDOM,Female,ACTOR,FILM AND THEATRE,ARTS
291939,Alfred Sisley,Paris,,FRANCE,Male,ARTIST,FINE ARTS,ARTS
294037,Johann Gottfried Herder,Morąg,,Poland,Male,PHILOSOPHER,PHILOSOPHY,HUMANITIES
294462,Anthony van Dyck,Antwerp,,BELGIUM,Male,PAINTER,FINE ARTS,ARTS
297256,Lin Biao,Huanggang,,CHINA,Male,POLITICIAN,GOVERNMENT,INSTITUTIONS
302102,Abbé Pierre,Lyon,,FRANCE,Male,SOCIAL ACTIVIST,ACTIVISM,PUBLIC FIGURE
302167,Salman Khan,Indore,,India,Male,ACTOR,FILM AND THEATRE,ARTS
302695,Hugh Jackman,Sydney,,AUSTRALIA,Male,ACTOR,FILM AND THEATRE,ARTS
304546,Philip Neri,Florence,,ITALY,Male,RELIGIOUS FIGURE,RELIGION,INSTITUTIONS
306325,Shawn Michaels,Chandler,AZ,UNITED STATES,Male,WRESTLER,INDIVIDUAL SPORTS,SPORTS
306401,Rob Van Dam,Battle Creek,MI,UNITED STATES,Male,WRESTLER,INDIVIDUAL SPORTS,SPORTS
306723,Adam Copeland,Orangeville,,CANADA,Male,WRESTLER,INDIVIDUAL SPORTS,SPORTS
307267,Max Frisch,Zürich,,SWITZERLAND,Male,WRITER,LANGUAGE,HUMANITIES
307798,Roger Garaudy,Marseille,,FRANCE,Male,PHILOSOPHER,PHILOSOPHY,HUMANITIES
311469,Asparukh of Bulgaria,Other,,Unknown,Male,POLITICIAN,GOVERNMENT,INSTITUTIONS
312466,Pablo de Sarasate,Pamplona,,SPAIN,Male,MUSICIAN,MUSIC,ARTS
312772,Jacob Burckhardt,Basel,,SWITZERLAND,Male,HISTORIAN,HISTORY,HUMANITIES
313164,Richard Arkwright,Preston,,United Kingdom,Male,INVENTOR,INVENTION,SCIENCE & TECHNOLOGY
314055,Juscelino Kubitschek de Oliveira,Diamantina,,BRAZIL,Male,POLITICIAN,GOVERNMENT,INSTITUTIONS
314702,Ferdinand Tönnies,Oldenswort,,Germany,Male,PHILOSOPHER,PHILOSOPHY,HUMANITIES
315742,Joseph Rotblat,Warsaw,,POLAND,Male,PHYSICIST,NATURAL SCIENCES,SCIENCE & TECHNOLOGY
315777,Anthony Kiedis,Grand Rapids,MI,UNITED STATES,Male,SINGER,MUSIC,ARTS
315831,José Gervasio Artigas,Montevideo,,URUGUAY,Male,POLITICIAN,GOVERNMENT,INSTITUTIONS
317022,Fausto Coppi,Castellania,,ITALY,Male,CYCLIST,INDIVIDUAL SPORTS,SPORTS
317574,Samora Machel,Gaza Province,,MOZAMBIQUE,Male,POLITICIAN,GOVERNMENT,INSTITUTIONS
319117,Ernst Kummer,Żary,,POLAND,Male,MATHEMATICIAN,MATH,SCIENCE & TECHNOLOGY
319799,Ayman al-Zawahiri,Maadi,,EGYPT,Male,PHYSICIAN,MEDICINE,SCIENCE & TECHNOLOGY
320002,Philipp Scheidemann,Kassel,,Germany,Male,POLITICIAN,GOVERNMENT,INSTITUTIONS
321019,Cleisthenes,Other,,Unknown,Male,POLITICIAN,GOVERNMENT,INSTITUTIONS
325191,Jamie Foxx,Terrell,TX,UNITED STATES,Male,ACTOR,FILM AND THEATRE,ARTS
330178,Louis-Nicolas Davout,Annoux,,France,Male,MILITARY PERSONNEL,MILITARY,INSTITUTIONS
331105,Stjepan Mesić,Orahovica,,CROATIA,Male,POLITICIAN,GOVERNMENT,INSTITUTIONS
331863,Ferdinand Foch,Tarbes,,France,Male,MILITARY PERSONNEL,MILITARY,INSTITUTIONS
335954,Krum of Bulgaria,Other,,Unknown,Male,POLITICIAN,GOVERNMENT,INSTITUTIONS
1027173,Allyson Felix,Los Angeles,CA,UNITED STATES,Female,ATHLETE,INDIVIDUAL SPORTS,SPORTS
338056,Christa Wolf,Gorzów Wielkopolski,,Poland,Female,WRITER,LANGUAGE,HUMANITIES
340963,Aslan Maskhadov,Karaganda,,Kazakhstan,Male,POLITICIAN,GOVERNMENT,INSTITUTIONS
341810,Joseph Liouville,Saint-Omer,,France,Male,MATHEMATICIAN,MATH,SCIENCE & TECHNOLOGY
343833,Gerhard Berger,Wörgl,,AUSTRIA,Male,RACECAR DRIVER,INDIVIDUAL SPORTS,SPORTS
344379,Mithridates I of Parthia,Other,,Unknown,Male,POLITICIAN,GOVERNMENT,INSTITUTIONS
344511,Fritz Albert Lipmann,Kaliningrad,,Russia,Male,CHEMIST,NATURAL SCIENCES,SCIENCE & TECHNOLOGY
345428,Bryan Robson,Chester-le-Street,,UNITED KINGDOM,Male,SOCCER PLAYER,TEAM SPORTS,SPORTS
878666,Dwyane Wade,Chicago,IL,UNITED STATES,Male,BASKETBALL PLAYER,TEAM SPORTS,SPORTS
347547,Oliver Kahn,Karlsruhe,,GERMANY,Male,SOCCER PLAYER,TEAM SPORTS,SPORTS
330395,Marc Anthony,New York,NY,UNITED STATES,Male,SINGER,MUSIC,ARTS
352699,Shahrukh Khan,New Delhi,,India,Male,ACTOR,FILM AND THEATRE,ARTS
353215,Abu al-Qasim,Medina Azahara,,SPAIN,Male,PHYSICIAN,MEDICINE,SCIENCE & TECHNOLOGY
354436,José Manuel Barroso,Porto,,PORTUGAL,Male,POLITICIAN,GOVERNMENT,INSTITUTIONS
354975,Rauf Denktaş,Paphos,,CYPRUS,Male,POLITICIAN,GOVERNMENT,INSTITUTIONS
356186,Keizo Obuchi,Nakanojo,,JAPAN,Male,POLITICIAN,GOVERNMENT,INSTITUTIONS
358425,Walther Bothe,Oranienburg,,GERMANY,Male,PHYSICIST,NATURAL SCIENCES,SCIENCE & TECHNOLOGY
363851,Pope John XII,Rome,,ITALY,Male,RELIGIOUS FIGURE,RELIGION,INSTITUTIONS
364831,Lǐ Xiānniàn,Hongan,,China,Male,POLITICIAN,GOVERNMENT,INSTITUTIONS
365193,Trey Parker,Denver,CO,UNITED STATES,Male,FILM DIRECTOR,FILM AND THEATRE,ARTS
370140,Naomie Harris,London,,UNITED KINGDOM,Female,ACTOR,FILM AND THEATRE,ARTS
371531,Lars Ulrich,Gentofte Municipality,,DENMARK,Male,MUSICIAN,MUSIC,ARTS
372477,Saint Florian,Austria,,Austria,Male,RELIGIOUS FIGURE,RELIGION,INSTITUTIONS
375502,George Lazenby,Goulburn,,AUSTRALIA,Male,ACTOR,FILM AND THEATRE,ARTS
376903,Malik Shah I,Other,,Unknown,Male,POLITICIAN,GOVERNMENT,INSTITUTIONS
376949,Claude Bernard,Saint-Julien,,France,Male,PHYSICIAN,MEDICINE,SCIENCE & TECHNOLOGY
379358,Béla III of Hungary,Esztergom,,Hungary,Male,POLITICIAN,GOVERNMENT,INSTITUTIONS
379771,Lope de Vega,Madrid,,SPAIN,Male,WRITER,LANGUAGE,HUMANITIES
380965,Kevin Rudd,Nambour,,AUSTRALIA,Male,POLITICIAN,GOVERNMENT,INSTITUTIONS
382665,Michel Piccoli,Paris,,FRANCE,Male,ACTOR,FILM AND THEATRE,ARTS
383252,P. W. Botha,Paul Roux,,South Africa,Male,POLITICIAN,GOVERNMENT,INSTITUTIONS
390352,Mikuláš Dzurinda,Spišský Štvrtok,,SLOVAKIA,Male,POLITICIAN,GOVERNMENT,INSTITUTIONS
391323,Julian McMahon,Sydney,,AUSTRALIA,Male,ACTOR,FILM AND THEATRE,ARTS
392341,Ismail Omar Guelleh,Dire Dawa,,Ethiopia,Male,POLITICIAN,GOVERNMENT,INSTITUTIONS
393593,Paul Kagame,Ruhango,,Uganda,Male,POLITICIAN,GOVERNMENT,INSTITUTIONS
393785,José Maria Neves,Santa Catarina,,Cape Verde,Male,POLITICIAN,GOVERNMENT,INSTITUTIONS
396496,Otto Stern,Żory,,POLAND,Male,PHYSICIST,NATURAL SCIENCES,SCIENCE & TECHNOLOGY
396640,Martin Ryle,Brighton,,UNITED KINGDOM,Male,ASTRONOMER,NATURAL SCIENCES,SCIENCE & TECHNOLOGY
396721,Sheldon Lee Glashow,New York,NY,UNITED STATES,Male,PHYSICIST,NATURAL SCIENCES,SCIENCE & TECHNOLOGY
396803,Dirk Nowitzki,Würzburg,,GERMANY,Male,BASKETBALL PLAYER,TEAM SPORTS,SPORTS
398824,Coenraad Jacob Temminck,Amsterdam,,NETHERLANDS,Male,BIOLOGIST,NATURAL SCIENCES,SCIENCE & TECHNOLOGY
399587,Dmitriy Ustinov,Samara,,Russia,Male,POLITICIAN,GOVERNMENT,INSTITUTIONS
399747,William-Adolphe Bouguereau,La Rochelle,,France,Male,PAINTER,FINE ARTS,ARTS
2758154,Philip Kotler,Chicago,IL,UNITED STATES,Male,ECONOMIST,SOCIAL SCIENCES,SCIENCE & TECHNOLOGY
400686,Pat Nixon,Ely,NV,United States,Female,COMPANION,COMPANIONS,PUBLIC FIGURE
401102,Zulfikar Ali Bhutto,Larkana,,PAKISTAN,Male,POLITICIAN,GOVERNMENT,INSTITUTIONS
403520,Orhan Pamuk,Istanbul,,TURKEY,Male,WRITER,LANGUAGE,HUMANITIES
404982,Santiago Carrillo,Gijón,,Spain,Male,POLITICIAN,GOVERNMENT,INSTITUTIONS
405704,Chris Martin,Exeter,,UNITED KINGDOM,Male,MUSICIAN,MUSIC,ARTS
408439,Talal of Jordan,Mecca,,SAUDI ARABIA,Male,POLITICIAN,GOVERNMENT,INSTITUTIONS
409605,Rudolf Höss,Baden-Baden,,Germany,Male,POLITICIAN,GOVERNMENT,INSTITUTIONS
410338,Pierre Cardin,San Biagio di Callalta,,ITALY,Male,FASHION DESIGNER,DESIGN,ARTS
411292,Tia Carrere,Honolulu,HI,UNITED STATES,Female,ACTOR,FILM AND THEATRE,ARTS
412054,"Sebastian Coe, Baron Coe",Hammersmith,,UNITED KINGDOM,Male,ATHLETE,INDIVIDUAL SPORTS,SPORTS
412807,Jason Mraz,Mechanicsville,VA,United States,Male,MUSICIAN,MUSIC,ARTS
415405,Preity Zinta,Shimla,,India,Female,ACTOR,FILM AND THEATRE,ARTS
418109,Félix Houphouët-Boigny,Yamoussoukro,,Ivory Coast,Male,POLITICIAN,GOVERNMENT,INSTITUTIONS
419248,Tony Shalhoub,Green Bay,WI,United States,Male,ACTOR,FILM AND THEATRE,ARTS
440000,Topher Grace,New York,NY,UNITED STATES,Male,ACTOR,FILM AND THEATRE,ARTS
421318,Victor Horta,Ghent,,BELGIUM,Male,ARCHITECT,DESIGN,ARTS
422861,Käthe Kollwitz,Kaliningrad,,Russia,Female,ARTIST,FINE ARTS,ARTS
499679,Russell Alan Hulse,New York,NY,UNITED STATES,Male,ASTRONOMER,NATURAL SCIENCES,SCIENCE & TECHNOLOGY
426859,Roger Milla,Yaoundé,,Cameroon,Male,SOCCER PLAYER,TEAM SPORTS,SPORTS
428563,Martha Graham,Allegheny,PA,UNITED STATES,Female,DANCER,DANCE,ARTS
429865,Willi Stoph,Berlin,,Germany,Male,POLITICIAN,GOVERNMENT,INSTITUTIONS
432000,Arthur Compton,Wooster,OH,United States,Male,PHYSICIST,NATURAL SCIENCES,SCIENCE & TECHNOLOGY
435706,Nikolai Vavilov,Moscow,,Russia,Male,BIOLOGIST,NATURAL SCIENCES,SCIENCE & TECHNOLOGY
437629,Jens Christian Skou,Lemvig,,DENMARK,Male,CHEMIST,NATURAL SCIENCES,SCIENCE & TECHNOLOGY
439458,Charles-Valentin Alkan,Paris,,FRANCE,Male,MUSICIAN,MUSIC,ARTS
439650,Pope Sisinnius,Syria,,Syria,Male,RELIGIOUS FIGURE,RELIGION,INSTITUTIONS
444645,Dan Brown,Exeter,NH,United States,Male,WRITER,LANGUAGE,HUMANITIES
445486,Khasekhemwy,Other,,Unknown,Male,POLITICIAN,GOVERNMENT,INSTITUTIONS
447395,Gackt,Okinawa Prefecture,,JAPAN,Male,MUSICIAN,MUSIC,ARTS
448554,Shoshenq I,Other,,Unknown,Male,POLITICIAN,GOVERNMENT,INSTITUTIONS
452399,Bourvil,Prétot-Vicquemare,,FRANCE,Male,ACTOR,FILM AND THEATRE,ARTS
456611,Piper Perabo,Dallas,TX,UNITED STATES,Female,ACTOR,FILM AND THEATRE,ARTS
5033761,Elinor Ostrom,Los Angeles,CA,UNITED STATES,Female,ECONOMIST,SOCIAL SCIENCES,SCIENCE & TECHNOLOGY
457106,Hannes Kolehmainen,Kuopio,,FINLAND,Male,ATHLETE,INDIVIDUAL SPORTS,SPORTS
459304,Karl Malone,Summerfield,LA,UNITED STATES,Male,BASKETBALL PLAYER,TEAM SPORTS,SPORTS
464041,Chlodomer,Other,,Unknown,Male,NOBLEMAN,GOVERNMENT,INSTITUTIONS
465931,Jonathan Ive,Chingford,,UNITED KINGDOM,Male,DESIGNER,DESIGN,ARTS
471037,Miep Gies,Vienna,,Austria,Female,WRITER,LANGUAGE,HUMANITIES
471660,Nâzım Hikmet,Thessaloniki,,Greece,Male,WRITER,LANGUAGE,HUMANITIES
471806,António Guterres,Lisbon,,PORTUGAL,Male,POLITICIAN,GOVERNMENT,INSTITUTIONS
475445,Lothar Matthäus,Erlangen,,GERMANY,Male,SOCCER PLAYER,TEAM SPORTS,SPORTS
481779,John Newcombe,Sydney,,AUSTRALIA,Male,TENNIS PLAYER,INDIVIDUAL SPORTS,SPORTS
486017,Syed Ahmed Khan,Delhi,,INDIA,Male,SOCIAL ACTIVIST,ACTIVISM,PUBLIC FIGURE
486704,Shohreh Aghdashloo,Tehran,,Iran,Female,ACTOR,FILM AND THEATRE,ARTS
490071,Juan Manuel de Rosas,Buenos Aires,,ARGENTINA,Male,POLITICIAN,GOVERNMENT,INSTITUTIONS
494457,Joshua Lederberg,Montclair,NJ,UNITED STATES,Male,BIOLOGIST,NATURAL SCIENCES,SCIENCE & TECHNOLOGY
496570,Vince Carter,Daytona Beach,FL,UNITED STATES,Male,BASKETBALL PLAYER,TEAM SPORTS,SPORTS
497087,Mathieu Kassovitz,Paris,,FRANCE,Male,ACTOR,FILM AND THEATRE,ARTS
498949,Giuseppe Torelli,Verona,,ITALY,Male,COMPOSER,MUSIC,ARTS
505106,Roger Glover,Brecon,,UNITED KINGDOM,Male,MUSICIAN,MUSIC,ARTS
513402,Zaha Hadid,Baghdad,,Iraq,Female,ARCHITECT,DESIGN,ARTS
519074,Nizam al-Mulk,Tous,,Iran,Male,POLITICIAN,GOVERNMENT,INSTITUTIONS
519079,Tulsidas,Rajapur,,India,Male,WRITER,LANGUAGE,HUMANITIES
521165,Mohammed bin Rashid Al Maktoum,Dubai,,UNITED ARAB EMIRATES,Male,POLITICIAN,GOVERNMENT,INSTITUTIONS
652931,Omar Epps,New York,NY,UNITED STATES,Male,ACTOR,FILM AND THEATRE,ARTS
526931,Rudolf Bultmann,Wiefelstede,,GERMANY,Male,PHILOSOPHER,PHILOSOPHY,HUMANITIES
535978,Tommi Mäkinen,Puuppola,,Finland,Male,RACECAR DRIVER,INDIVIDUAL SPORTS,SPORTS
537682,Chris Bosh,Dallas,TX,UNITED STATES,Male,BASKETBALL PLAYER,TEAM SPORTS,SPORTS
537725,Ibrahim Rugova,Crnce,,SERBIA,Male,POLITICIAN,GOVERNMENT,INSTITUTIONS
541725,Thomas Anders,Münstermaifeld,,Germany,Male,SINGER,MUSIC,ARTS
541883,Tore André Flo,Flo,,NORWAY,Male,SOCCER PLAYER,TEAM SPORTS,SPORTS
548105,Muhammad Yunus,Chittagong,,BANGLADESH,Male,BUSINESSPERSON,BUSINESS,BUSINESS & LAW
552327,Sándor Petőfi,Kiskőrös,,HUNGARY,Male,WRITER,LANGUAGE,HUMANITIES
2546319,Jane Lynch,Chicago,IL,UNITED STATES,Female,ACTOR,FILM AND THEATRE,ARTS
558631,Karl Ziegler,Helsa,,Germany,Male,CHEMIST,NATURAL SCIENCES,SCIENCE & TECHNOLOGY
558698,Taslima Nasrin,Mymensingh,,BANGLADESH,Female,WRITER,LANGUAGE,HUMANITIES
559753,Michael D. Higgins,Limerick,,IRELAND,Male,POLITICIAN,GOVERNMENT,INSTITUTIONS
562598,Fabian Gottlieb von Bellingshausen,Salme Parish,,Estonia,Male,EXPLORER,EXPLORERS,EXPLORATION
571725,Queen Rania of Jordan,Kuwait City,,Kuwait,Female,COMPANION,COMPANIONS,PUBLIC FIGURE
573710,Joost van den Vondel,Cologne,,Germany,Male,WRITER,LANGUAGE,HUMANITIES
574751,Simone Veil,Nice,,FRANCE,Female,POLITICIAN,GOVERNMENT,INSTITUTIONS
575600,Craig Bellamy,Cardiff,,UNITED KINGDOM,Male,SOCCER PLAYER,TEAM SPORTS,SPORTS
576250,Feodor Chaliapin,Kazan,,Russia,Male,SINGER,MUSIC,ARTS
577665,Charles Thomson Rees Wilson,Midlothian,,UNITED KINGDOM,Male,PHYSICIST,NATURAL SCIENCES,SCIENCE & TECHNOLOGY
579872,Toğrül,Other,,Iran,Male,COMPANION,COMPANIONS,PUBLIC FIGURE
582840,Ernst Wilhelm Leberecht Tempel,Niedercunnersdorf,,Germany,Male,ASTRONOMER,NATURAL SCIENCES,SCIENCE & TECHNOLOGY
584542,William Lassell,Bolton,,UNITED KINGDOM,Male,ASTRONOMER,NATURAL SCIENCES,SCIENCE & TECHNOLOGY
586080,John Malalas,Antioch,,TURKEY,Male,WRITER,LANGUAGE,HUMANITIES
1078888,Marcia Cross,Marlborough,MA,UNITED STATES,Female,ACTOR,FILM AND THEATRE,ARTS
592825,Hasdrubal Barca,Carthage,,Tunisia,Male,MILITARY PERSONNEL,MILITARY,INSTITUTIONS
596566,Eva Green,Paris,,FRANCE,Female,ACTOR,FILM AND THEATRE,ARTS
603199,Park Chung-hee,Gumi,,South Korea,Male,POLITICIAN,GOVERNMENT,INSTITUTIONS
603956,Marita Koch,Wismar,,GERMANY,Female,ATHLETE,INDIVIDUAL SPORTS,SPORTS
609234,Alexey Kosygin,Saint Petersburg,,Russia,Male,ENGINEER,ENGINEERING,SCIENCE & TECHNOLOGY
614505,Tibor Sekelj,Poprad,,SLOVAKIA,Male,WRITER,LANGUAGE,HUMANITIES
615809,Djalma Santos,São Paulo,,Brazil,Male,SOCCER PLAYER,TEAM SPORTS,SPORTS
616629,George Weah,Monrovia,,LIBERIA,Male,SOCCER PLAYER,TEAM SPORTS,SPORTS
617752,Stephen Hendry,South Queensferry,,United Kingdom,Male,SNOOKER,INDIVIDUAL SPORTS,SPORTS
618184,Horst Wessel,Bielefeld,,GERMANY,Male,SOCIAL ACTIVIST,ACTIVISM,PUBLIC FIGURE
621503,Michael Bublé,Burnaby,,CANADA,Male,SINGER,MUSIC,ARTS
627760,Vincent Auriol,Revel,,FRANCE,Male,POLITICIAN,GOVERNMENT,INSTITUTIONS
630823,William Daniel Phillips,Wilkes-Barre,PA,United States,Male,PHYSICIST,NATURAL SCIENCES,SCIENCE & TECHNOLOGY
634257,Ka'ahumanu,Hana,HI,United States,Female,POLITICIAN,GOVERNMENT,INSTITUTIONS
644544,Augusto César Sandino,Niquinohomo,,NICARAGUA,Male,SOCIAL ACTIVIST,ACTIVISM,PUBLIC FIGURE
647967,William Bateson,Whitby,,UNITED KINGDOM,Male,BIOLOGIST,NATURAL SCIENCES,SCIENCE & TECHNOLOGY
648527,Nikolai Ivanovich Lobachevsky,Nizhny Novgorod,,Russia,Male,MATHEMATICIAN,MATH,SCIENCE & TECHNOLOGY
648724,Donald Tusk,Gdańsk,,POLAND,Male,POLITICIAN,GOVERNMENT,INSTITUTIONS
649994,Claudio Ranieri,Rome,,ITALY,Male,COACH,TEAM SPORTS,SPORTS
656544,Masiela Lusha,Tirana,,ALBANIA,Female,ACTOR,FILM AND THEATRE,ARTS
659316,Zeami Motokiyo,Nagoya,,JAPAN,Male,WRITER,LANGUAGE,HUMANITIES
665443,Pranab Mukherjee,Birbhum District,,India,Male,POLITICIAN,GOVERNMENT,INSTITUTIONS
668027,José Ortega y Gasset,Madrid,,SPAIN,Male,PHILOSOPHER,PHILOSOPHY,HUMANITIES
669196,Christian B. Anfinsen,Monessen,PA,United States,Male,CHEMIST,NATURAL SCIENCES,SCIENCE & TECHNOLOGY
669421,Carlos Moyá,Palma,,SPAIN,Male,TENNIS PLAYER,INDIVIDUAL SPORTS,SPORTS
670993,Vítor Baía,São Pedro da Afurada,,Portugal,Male,SOCCER PLAYER,TEAM SPORTS,SPORTS
671148,Ibrahim Ferrer,San Luis,,Cuba,Male,SINGER,MUSIC,ARTS
675561,Lewis Hamilton,Stevenage,,UNITED KINGDOM,Male,RACECAR DRIVER,INDIVIDUAL SPORTS,SPORTS
677297,Mary Leakey,London,,UNITED KINGDOM,Female,ANTHROPOLOGIST,SOCIAL SCIENCES,SCIENCE & TECHNOLOGY
679865,Alexander Stepanovich Popov,Krasnoturyinsk,,Russia,Male,INVENTOR,INVENTION,SCIENCE & TECHNOLOGY
697510,José de Espronceda,Almendralejo,,SPAIN,Male,WRITER,LANGUAGE,HUMANITIES
703114,Maurice de Vlaminck,Paris,,FRANCE,Male,ARTIST,FINE ARTS,ARTS
704723,Neil Patrick Harris,Albuquerque,NM,UNITED STATES,Male,ACTOR,FILM AND THEATRE,ARTS
705401,Tank Man,Other,,China,Male,SOCIAL ACTIVIST,ACTIVISM,PUBLIC FIGURE
716705,Hassan Gouled Aptidon,Lughaya,,Somalia,Male,POLITICIAN,GOVERNMENT,INSTITUTIONS
717905,Tomislav Nikolić,Kragujevac,,SERBIA,Male,POLITICIAN,GOVERNMENT,INSTITUTIONS
720805,Roberto Bolaño,Santiago,,CHILE,Male,WRITER,LANGUAGE,HUMANITIES
725910,George Paget Thomson,Cambridge,,UNITED KINGDOM,Male,PHYSICIST,NATURAL SCIENCES,SCIENCE & TECHNOLOGY
727594,Yun Bo-seon,Asan,,South Korea,Male,POLITICIAN,GOVERNMENT,INSTITUTIONS
728892,Alexander Alexandrovich Friedman,Saint Petersburg,,Russia,Male,MATHEMATICIAN,MATH,SCIENCE & TECHNOLOGY
729945,Constantine P. Cavafy,Alexandria,,Egypt,Male,WRITER,LANGUAGE,HUMANITIES
735169,Jon Dahl Tomasson,Copenhagen,,DENMARK,Male,SOCCER PLAYER,TEAM SPORTS,SPORTS
737447,Wilfred Bouma,Helmond,,NETHERLANDS,Male,SOCCER PLAYER,TEAM SPORTS,SPORTS
739497,Nuno Gomes,Amarante,,PORTUGAL,Male,SOCCER PLAYER,TEAM SPORTS,SPORTS
739547,José Mourinho,Setúbal,,PORTUGAL,Male,COACH,TEAM SPORTS,SPORTS
742752,Gael García Bernal,Guadalajara,,MEXICO,Male,ACTOR,FILM AND THEATRE,ARTS
744396,Carl van Vechten,Cedar Rapids,IA,UNITED STATES,Male,PHOTOGRAPHER,FINE ARTS,ARTS
744909,Renato Dulbecco,Catanzaro,,ITALY,Male,BIOLOGIST,NATURAL SCIENCES,SCIENCE & TECHNOLOGY
168552,MC Hammer,San Francisco-Bay Area,CA,UNITED STATES,Male,SINGER,MUSIC,ARTS
755140,Ulf von Euler,Stockholm,,SWEDEN,Male,PHYSICIAN,MEDICINE,SCIENCE & TECHNOLOGY
756400,John Heitinga,Alphen aan den Rijn,,NETHERLANDS,Male,SOCCER PLAYER,TEAM SPORTS,SPORTS
758460,Richard Laurence Millington Synge,Liverpool,,UNITED KINGDOM,Male,CHEMIST,NATURAL SCIENCES,SCIENCE & TECHNOLOGY
760163,Rachel McAdams,London,,CANADA,Female,ACTOR,FILM AND THEATRE,ARTS
762732,Erwin Neher,Landsberg am Lech,,GERMANY,Male,BIOLOGIST,NATURAL SCIENCES,SCIENCE & TECHNOLOGY
769169,Fritz Pregl,Ljubljana,,SLOVENIA,Male,CHEMIST,NATURAL SCIENCES,SCIENCE & TECHNOLOGY
772790,Алсу,Bugulma,,Russia,Female,SINGER,MUSIC,ARTS
779097,Giorgos Karagounis,Pyrgos,,Greece,Male,SOCCER PLAYER,TEAM SPORTS,SPORTS
782401,Jimmy Jump,Sabadell,,SPAIN,Male,CELEBRITY,MEDIA PERSONALITY,PUBLIC FIGURE
787300,Lauren Graham,Honolulu,HI,UNITED STATES,Female,ACTOR,FILM AND THEATRE,ARTS
787723,Wilhelm List,Ulm,Württemberg,Germany,Male,MILITARY PERSONNEL,MILITARY,INSTITUTIONS
788854,Hermann Staudinger,Worms,,Germany,Male,CHEMIST,NATURAL SCIENCES,SCIENCE & TECHNOLOGY
790206,Ivan Mazepa,Bila Tserkva,,Ukraine,Male,POLITICIAN,GOVERNMENT,INSTITUTIONS
794885,Vagner Love,Rio de Janeiro,,BRAZIL,Male,SOCCER PLAYER,TEAM SPORTS,SPORTS
807539,Gideon Sundback,Jönköping,,SWEDEN,Male,INVENTOR,INVENTION,SCIENCE & TECHNOLOGY
814724,Jaber Al-Ahmad Al-Jaber Al-Sabah,Kuwait City,,KUWAIT,Male,POLITICIAN,GOVERNMENT,INSTITUTIONS
817515,Nicholas I of Montenegro,Njeguši,,Montenegro,Male,POLITICIAN,GOVERNMENT,INSTITUTIONS
824773,Willy Sagnol,Saint-Étienne,,France,Male,SOCCER PLAYER,TEAM SPORTS,SPORTS
845588,Wäinö Aaltonen,Karinainen,,FINLAND,Male,SCULPTOR,FINE ARTS,ARTS
884973,Daniil Kharms,Saint Petersburg,,Russia,Male,WRITER,LANGUAGE,HUMANITIES
885357,Godfrey Hounsfield,Newark-on-Trent,,UNITED KINGDOM,Male,ENGINEER,ENGINEERING,SCIENCE & TECHNOLOGY
891226,Ryan Gosling,London,,CANADA,Male,ACTOR,FILM AND THEATRE,ARTS
896548,Elsa Morante,Rome,,ITALY,Female,WRITER,LANGUAGE,HUMANITIES
898814,Johannes Andreas Grib Fibiger,Silkeborg,,DENMARK,Male,PHYSICIAN,MEDICINE,SCIENCE & TECHNOLOGY
899013,Alan Ball,Farnworth,,UNITED KINGDOM,Male,SOCCER PLAYER,TEAM SPORTS,SPORTS
900383,Victor Grignard,Cherbourg-Octeville,,France,Male,CHEMIST,NATURAL SCIENCES,SCIENCE & TECHNOLOGY
929522,Alessandra Ambrosio,Erechim,,BRAZIL,Female,MODEL,MEDIA PERSONALITY,PUBLIC FIGURE
932831,Jean-Martin Charcot,Paris,,FRANCE,Male,PHYSICIAN,MEDICINE,SCIENCE & TECHNOLOGY
157822,Victor Fleming,Los Angeles,CA,UNITED STATES,Male,FILM DIRECTOR,FILM AND THEATRE,ARTS
947043,Emílio Garrastazu Médici,Bagé,,Brazil,Male,POLITICIAN,GOVERNMENT,INSTITUTIONS
948439,Mazdak,Other,,Unknown,Male,PHILOSOPHER,PHILOSOPHY,HUMANITIES
973576,Felix Magath,Aschaffenburg,,Germany,Male,SOCCER PLAYER,TEAM SPORTS,SPORTS
983010,Jordana Brewster,Panama City,,Panama,Female,ACTOR,FILM AND THEATRE,ARTS
993125,Angelo Taylor,Albany,GA,UNITED STATES,Male,ATHLETE,INDIVIDUAL SPORTS,SPORTS
1007764,Paco de Lucía,Algeciras,,SPAIN,Male,MUSICIAN,MUSIC,ARTS
1012234,Robin Warren,Adelaide,,AUSTRALIA,Male,PHYSICIAN,MEDICINE,SCIENCE & TECHNOLOGY
1021741,José Sócrates,Alijó,,PORTUGAL,Male,POLITICIAN,GOVERNMENT,INSTITUTIONS
1024810,Jermaine Pennant,Nottingham,,United Kingdom,Male,SOCCER PLAYER,TEAM SPORTS,SPORTS
1028472,Peter Behrens,Hamburg,,Germany,Male,DESIGNER,DESIGN,ARTS
1030991,Evan Rachel Wood,Raleigh,NC,UNITED STATES,Female,ACTOR,FILM AND THEATRE,ARTS
157241,Edwin McMillan,Los Angeles,CA,UNITED STATES,Male,CHEMIST,NATURAL SCIENCES,SCIENCE & TECHNOLOGY
1041556,Juliusz Słowacki,Kremenets,,UKRAINE,Male,WRITER,LANGUAGE,HUMANITIES
1042690,Sauli Niinistö,Salo,,FINLAND,Male,POLITICIAN,GOVERNMENT,INSTITUTIONS
1044848,Masashi Kishimoto,Nagi,,JAPAN,Male,COMIC ARTIST,DESIGN,ARTS
1049151,Wangari Maathai,Central Province,,KENYA,Female,POLITICIAN,GOVERNMENT,INSTITUTIONS
1079171,Carneades,Cyrene,,Libya,Male,PHILOSOPHER,PHILOSOPHY,HUMANITIES
1081233,Fabio Cannavaro,Naples,,ITALY,Male,SOCCER PLAYER,TEAM SPORTS,SPORTS
1084540,Ian Somerhalder,Covington,LA,UNITED STATES,Male,ACTOR,FILM AND THEATRE,ARTS
1098020,Leonid Kravchuk,Wołyń Voivodeship,,Poland,Male,POLITICIAN,GOVERNMENT,INSTITUTIONS
1103138,Jacob Zuma,Nkandla,,South Africa,Male,POLITICIAN,GOVERNMENT,INSTITUTIONS
1108440,Alexander Vinokourov,Petropavlovsk-Kamchatsky,,Russia,Male,CYCLIST,INDIVIDUAL SPORTS,SPORTS
1132228,Celal Bayar,Gemlik,,Turkey,Male,POLITICIAN,GOVERNMENT,INSTITUTIONS
1141482,Haddaway,Port of Spain,,Trinidad and Tobago,Male,SINGER,MUSIC,ARTS
1141823,Giulio Caccini,Rome,,ITALY,Male,COMPOSER,MUSIC,ARTS
1172503,Djibril Cissé,Arles,,France,Male,SOCCER PLAYER,TEAM SPORTS,SPORTS
1214030,Hagen Kleinert,Twardogóra,,POLAND,Male,PHYSICIST,NATURAL SCIENCES,SCIENCE & TECHNOLOGY
1230050,Walter Samuel,Laborde,,Argentina,Male,SOCCER PLAYER,TEAM SPORTS,SPORTS
1251136,Robert Doisneau,Gentilly,,FRANCE,Male,PHOTOGRAPHER,FINE ARTS,ARTS
1270817,Francesco Bartolomeo Rastrelli,France,,France,Male,ARCHITECT,DESIGN,ARTS
1272686,Karolos Papoulias,Ioannina,,Greece,Male,POLITICIAN,GOVERNMENT,INSTITUTIONS
1283563,Arturo Pérez-Reverte,Cartagena,,SPAIN,Male,WRITER,LANGUAGE,HUMANITIES
1290197,Ronald de Boer,Hoorn,,NETHERLANDS,Male,SOCCER PLAYER,TEAM SPORTS,SPORTS
1302075,Manuel Almunia,Pamplona,,SPAIN,Male,SOCCER PLAYER,TEAM SPORTS,SPORTS
1312121,Jean-Marie Lehn,Rosheim,,France,Male,CHEMIST,NATURAL SCIENCES,SCIENCE & TECHNOLOGY
1319811,Paul Robinson,Beverley,,UNITED KINGDOM,Male,SOCCER PLAYER,TEAM SPORTS,SPORTS
1322983,Hartmut Michel,Ludwigsburg,,Germany,Male,CHEMIST,NATURAL SCIENCES,SCIENCE & TECHNOLOGY
1323135,Flórián Albert,Hercegszántó,,Hungary,Male,SOCCER PLAYER,TEAM SPORTS,SPORTS
1388652,Francisco Javier Rodríguez,Mazatlán,,MEXICO,Male,SOCCER PLAYER,TEAM SPORTS,SPORTS
1398976,Siegfried Lenz,Ełk,,POLAND,Male,WRITER,LANGUAGE,HUMANITIES
1412864,Steve McManaman,Liverpool,,United Kingdom,Male,SOCCER PLAYER,TEAM SPORTS,SPORTS
1417888,Daniela Hantuchová,Poprad,,SLOVAKIA,Female,TENNIS PLAYER,INDIVIDUAL SPORTS,SPORTS
1421422,Marcos Baghdatis,Paramytha,,CYPRUS,Male,TENNIS PLAYER,INDIVIDUAL SPORTS,SPORTS
1422124,Christian Karembeu,Lifou,,NEW CALEDONIA,Male,SOCCER PLAYER,TEAM SPORTS,SPORTS
1439623,Theuderic II,Other,,Unknown,Male,POLITICIAN,GOVERNMENT,INSTITUTIONS
1447070,Stipe Pletikosa,Split,,CROATIA,Male,SOCCER PLAYER,TEAM SPORTS,SPORTS
1447239,Ivan Klasnić,Hamburg,,Germany,Male,SOCCER PLAYER,TEAM SPORTS,SPORTS
1451286,Arthur Penn,Philadelphia,PA,UNITED STATES,Male,FILM DIRECTOR,FILM AND THEATRE,ARTS
1470115,Elena Paparizou,Borås,,Sweden,Female,SINGER,MUSIC,ARTS
1484768,Valdis Dombrovskis,Riga,,LATVIA,Male,POLITICIAN,GOVERNMENT,INSTITUTIONS
1492845,Fuzûlî,Karbala,,Iraq,Male,WRITER,LANGUAGE,HUMANITIES
1498593,Alyona Bondarenko,Kryvyi Rih,,UKRAINE,Female,TENNIS PLAYER,INDIVIDUAL SPORTS,SPORTS
61166,Dan Castellaneta,Chicago,IL,UNITED STATES,Male,ACTOR,FILM AND THEATRE,ARTS
1525677,Grzegorz Lato,Malbork,,POLAND,Male,SOCCER PLAYER,TEAM SPORTS,SPORTS
1534642,Corneille Heymans,Ghent,,BELGIUM,Male,PHYSICIAN,MEDICINE,SCIENCE & TECHNOLOGY
1551907,Viktor Vasnetsov,Kirov,,Russia,Male,PAINTER,FINE ARTS,ARTS
1555596,Carlo Buonaparte,Ajaccio,,FRANCE,Male,LAWYER,LAW,BUSINESS & LAW
1586952,Shepseskaf,Other,,Unknown,Male,POLITICIAN,GOVERNMENT,INSTITUTIONS
1639573,Kakha Kaladze,Samtredia,,Georgia,Male,SOCCER PLAYER,TEAM SPORTS,SPORTS
5655,Courtney Love,San Francisco-Bay Area,CA,UNITED STATES,Female,SINGER,MUSIC,ARTS
1658695,Idriss Carlos Kameni,Douala,,CAMEROON,Male,SOCCER PLAYER,TEAM SPORTS,SPORTS
1660132,Amenemhat IV,Other,,Unknown,Male,POLITICIAN,GOVERNMENT,INSTITUTIONS
1686258,Alessandro Faiolhe Amantino Mancini,Ipatinga,,BRAZIL,Male,SOCCER PLAYER,TEAM SPORTS,SPORTS
1701489,Ferdinand Hodler,Bern,,SWITZERLAND,Male,PAINTER,FINE ARTS,ARTS
19948,Monica Lewinsky,San Francisco-Bay Area,CA,UNITED STATES,Female,CELEBRITY,MEDIA PERSONALITY,PUBLIC FIGURE
1718752,Tim Hunt,Neston,,UNITED KINGDOM,Male,CHEMIST,NATURAL SCIENCES,SCIENCE & TECHNOLOGY
1791447,Julien Gracq,Saint-Florent-le-Vieil,,France,Male,WRITER,LANGUAGE,HUMANITIES
1809256,Vikash Dhorasoo,Harfleur,,FRANCE,Male,SOCCER PLAYER,TEAM SPORTS,SPORTS
1810816,Albert Fert,Carcassonne,,France,Male,PHYSICIST,NATURAL SCIENCES,SCIENCE & TECHNOLOGY
1838387,Ben Bernanke,Augusta,GA,UNITED STATES,Male,ECONOMIST,SOCIAL SCIENCES,SCIENCE & TECHNOLOGY
1845051,Saints Cosmas and Damian,Arabian Peninsula,,Saudi Arabia,Male,PHYSICIAN,MEDICINE,SCIENCE & TECHNOLOGY
1853975,Javier Marías,Madrid,,SPAIN,Male,WRITER,LANGUAGE,HUMANITIES
1886352,Danica Patrick,Beloit,WI,UNITED STATES,Female,RACECAR DRIVER,INDIVIDUAL SPORTS,SPORTS
1936838,Teispes of Anshan,Other,,Unknown,Male,POLITICIAN,GOVERNMENT,INSTITUTIONS
1964402,Jonas Björkman,Alvesta,,SWEDEN,Male,TENNIS PLAYER,INDIVIDUAL SPORTS,SPORTS
2008097,Andrey Voznesensky,Moscow,,Russia,Male,WRITER,LANGUAGE,HUMANITIES
2079939,Vicente Rodríguez,Valencia,,SPAIN,Male,SOCCER PLAYER,TEAM SPORTS,SPORTS
2108060,Xavi,Terrassa,,SPAIN,Male,SOCCER PLAYER,TEAM SPORTS,SPORTS
2108274,Lena Headey,Hamilton,,BERMUDA,Female,ACTOR,FILM AND THEATRE,ARTS
2115686,Per Mertesacker,Hanover,,GERMANY,Male,SOCCER PLAYER,TEAM SPORTS,SPORTS
2149503,Maciej Żurawski,Poznań,,Poland,Male,SOCCER PLAYER,TEAM SPORTS,SPORTS
2225987,Niamh Kavanagh,Dublin,,Ireland,Female,SINGER,MUSIC,ARTS
2272367,Ryszard Kaczorowski,Białystok,,POLAND,Male,POLITICIAN,GOVERNMENT,INSTITUTIONS
2293546,Bob Sinclar,Bois-Colombes,,France,Male,MUSICIAN,MUSIC,ARTS
2295378,Dejan Stanković,Belgrade,,SERBIA,Male,SOCCER PLAYER,TEAM SPORTS,SPORTS
2316735,Manuel Zelaya,Catacamas,,HONDURAS,Male,POLITICIAN,GOVERNMENT,INSTITUTIONS
2318278,Johnny Galecki,Bree,,Belgium,Male,ACTOR,FILM AND THEATRE,ARTS
2390805,Tero Pitkämäki,Ilmajoki,,FINLAND,Male,ATHLETE,INDIVIDUAL SPORTS,SPORTS
2394512,Manolo Escobar,El Ejido,,SPAIN,Male,SINGER,MUSIC,ARTS
2399661,Frédéric Kanouté,Sainte-Foy-lès-Lyon,,France,Male,SOCCER PLAYER,TEAM SPORTS,SPORTS
2405926,Tirunesh Dibaba,Bekoji,,ETHIOPIA,Female,ATHLETE,INDIVIDUAL SPORTS,SPORTS
2420223,Aaron Lennon,Leeds,,United Kingdom,Male,SOCCER PLAYER,TEAM SPORTS,SPORTS
2424743,Sergio Ramos García,Seville,,Spain,Male,SOCCER PLAYER,TEAM SPORTS,SPORTS
196914,Gordon Moore,San Francisco-Bay Area,CA,UNITED STATES,Male,BUSINESSPERSON,BUSINESS,BUSINESS & LAW
2468688,Michael the Brave,Drăgoeşti,,Romania,Male,POLITICIAN,GOVERNMENT,INSTITUTIONS
2490118,Joaquín Rodrigo,Sagunto,,SPAIN,Male,COMPOSER,MUSIC,ARTS
2492789,Stanislas Wawrinka,Lausanne,,SWITZERLAND,Male,TENNIS PLAYER,INDIVIDUAL SPORTS,SPORTS
2523113,Bernd Schuster,Augsburg,,Germany,Male,COACH,TEAM SPORTS,SPORTS
2527400,Nigel Reo-Coker,Croydon,,UNITED KINGDOM,Male,SOCCER PLAYER,TEAM SPORTS,SPORTS
2533321,Javier Aguirre,Mexico City,,MEXICO,Male,COACH,TEAM SPORTS,SPORTS
2543894,Anna Chakvetadze,Moscow,,Russia,Female,TENNIS PLAYER,INDIVIDUAL SPORTS,SPORTS
2560711,Lucía Etxebarría,Valencia,,SPAIN,Female,WRITER,LANGUAGE,HUMANITIES
303563,John Watts Young,San Francisco-Bay Area,CA,UNITED STATES,Male,ASTRONAUT,EXPLORERS,EXPLORATION
2715728,Juliano Belletti,Cascavel,,BRAZIL,Male,SOCCER PLAYER,TEAM SPORTS,SPORTS
2730564,Semerkhet,Other,,Unknown,Male,POLITICIAN,GOVERNMENT,INSTITUTIONS
2785051,Ronald Golias,São Carlos,,BRAZIL,Male,COMEDIAN,FILM AND THEATRE,ARTS
2795581,Nicolás Almagro,Murcia,,SPAIN,Male,TENNIS PLAYER,INDIVIDUAL SPORTS,SPORTS
2796527,T-Pain,Tallahassee,FL,UNITED STATES,Male,SINGER,MUSIC,ARTS
2808999,Nelson Haedo Valdez,Caaguazú District,,Paraguay,Male,SOCCER PLAYER,TEAM SPORTS,SPORTS
2897286,Frank-Walter Steinmeier,Detmold,,Germany,Male,POLITICIAN,GOVERNMENT,INSTITUTIONS
2925581,Miranda Kerr,Sydney,,AUSTRALIA,Female,MODEL,MEDIA PERSONALITY,PUBLIC FIGURE
2964059,Sam Worthington,Godalming,,UNITED KINGDOM,Male,ACTOR,FILM AND THEATRE,ARTS
2969616,Ernst Happel,Vienna,,AUSTRIA,Male,COACH,TEAM SPORTS,SPORTS
3002912,Franck Ribéry,Boulogne-sur-Mer,,France,Male,SOCCER PLAYER,TEAM SPORTS,SPORTS
3042660,Julio Ricardo Cruz,Santiago del Estero,,ARGENTINA,Male,SOCCER PLAYER,TEAM SPORTS,SPORTS
3078531,Miltiades the Younger,Athens,,GREECE,Male,MILITARY PERSONNEL,MILITARY,INSTITUTIONS
3134752,Valon Behrami,Kosovska Mitrovica,,Kosovo,Male,SOCCER PLAYER,TEAM SPORTS,SPORTS
3137245,Nehemiah,Babylon,,Iraq,Male,RELIGIOUS FIGURE,RELIGION,INSTITUTIONS
3147205,Anthony Réveillère,Doué-la-Fontaine,,FRANCE,Male,SOCCER PLAYER,TEAM SPORTS,SPORTS
3162905,Dmitry Medvedev,Saint Petersburg,,Russia,Male,POLITICIAN,GOVERNMENT,INSTITUTIONS
3196403,Sergei Sokolov,Yevpatoria,,UKRAINE,Male,MILITARY PERSONNEL,MILITARY,INSTITUTIONS
3205046,Marcus Stephen,Anetan District,,NAURU,Male,POLITICIAN,GOVERNMENT,INSTITUTIONS
3234733,Steve Sidwell,Wandsworth,,UNITED KINGDOM,Male,SOCCER PLAYER,TEAM SPORTS,SPORTS
3298619,Jason Čulina,Melbourne,Victoria,Australia,Male,SOCCER PLAYER,TEAM SPORTS,SPORTS
3483095,João Moutinho,Portimão,,PORTUGAL,Male,SOCCER PLAYER,TEAM SPORTS,SPORTS
3532317,Nemanja Vidić,Užice,,SERBIA,Male,SOCCER PLAYER,TEAM SPORTS,SPORTS
3587416,Lazarus of Bethany,Other,,Unknown,Male,RELIGIOUS FIGURE,RELIGION,INSTITUTIONS
3682763,Jigme Khesar Namgyal Wangchuck,Thimphu,,Bhutan,Male,POLITICIAN,GOVERNMENT,INSTITUTIONS
3683358,Yiruma,Seoul,,South Korea,Male,MUSICIAN,MUSIC,ARTS
3830432,Amy Adams,Vicenza,,ITALY,Female,ACTOR,FILM AND THEATRE,ARTS
3946794,Lindsey Vonn,Saint Paul,MN,UNITED STATES,Female,SKIER,INDIVIDUAL SPORTS,SPORTS
4143312,Viktor Dyk,Mělník,,CZECH REPUBLIC,Male,WRITER,LANGUAGE,HUMANITIES
4288926,Anderson Luís de Abreu Oliveira,Porto Alegre,,BRAZIL,Male,SOCCER PLAYER,TEAM SPORTS,SPORTS
4358321,Jonny Evans,Belfast,,UNITED KINGDOM,Male,SOCCER PLAYER,TEAM SPORTS,SPORTS
946041,Eddie Fatu,San Francisco-Bay Area,CA,UNITED STATES,Male,WRESTLER,INDIVIDUAL SPORTS,SPORTS
4693982,Ezequiel Garay,Rosario,,Argentina,Male,SOCCER PLAYER,TEAM SPORTS,SPORTS
4713460,Dmitri Torbinsky,Norilsk,,Russia,Male,SOCCER PLAYER,TEAM SPORTS,SPORTS
4812555,Maximiliano Rodríguez,Rosario,,ARGENTINA,Male,SOCCER PLAYER,TEAM SPORTS,SPORTS
4829258,Serzh Sarkisyan,Stepanakert,,Azerbaijan,Male,POLITICIAN,GOVERNMENT,INSTITUTIONS
4878938,Noa,Tel Aviv,,Israel,Female,SINGER,MUSIC,ARTS
5194990,Abdul Kader Keïta,Abidjan,,Ivory Coast,Male,SOCCER PLAYER,TEAM SPORTS,SPORTS
5243711,James II of England,London,,United Kingdom,Male,POLITICIAN,GOVERNMENT,INSTITUTIONS
5246765,Ivica Vastic,Split,,Croatia,Male,SOCCER PLAYER,TEAM SPORTS,SPORTS
5275584,Luis Antonio Valencia,Nueva Loja,,ECUADOR,Male,SOCCER PLAYER,TEAM SPORTS,SPORTS
5286925,Róbert Vittek,Bratislava,,SLOVAKIA,Male,SOCCER PLAYER,TEAM SPORTS,SPORTS
5327343,Moustapha Salifou,Lomé,,TOGO,Male,SOCCER PLAYER,TEAM SPORTS,SPORTS
5421650,Elena Vesnina,Lviv,,UKRAINE,Female,TENNIS PLAYER,INDIVIDUAL SPORTS,SPORTS
5422144,Taylor Swift,Reading,PA,United States,Female,ACTOR,FILM AND THEATRE,ARTS
5473328,Nicole,Other,,Chile,Female,SINGER,MUSIC,ARTS
5713317,Alan Parsons,London,,UNITED KINGDOM,Male,MUSICIAN,MUSIC,ARTS
5763449,Manuel Pellegrini,Santiago,,CHILE,Male,COACH,TEAM SPORTS,SPORTS
5816103,Jérémy Toulalan,Nantes,,FRANCE,Male,SOCCER PLAYER,TEAM SPORTS,SPORTS
5915533,Alessandro Matri,Sant'Angelo Lodigiano,,ITALY,Male,SOCCER PLAYER,TEAM SPORTS,SPORTS
6002050,Chinedu Obasi Ogbuke,Enugu,,Nigeria,Male,SOCCER PLAYER,TEAM SPORTS,SPORTS
6064346,Cory Monteith,Calgary,,CANADA,Male,ACTOR,FILM AND THEATRE,ARTS
6095815,Michael Krohn-Dehli,Copenhagen,,DENMARK,Male,SOCCER PLAYER,TEAM SPORTS,SPORTS
6097209,Orson Scott Card,Richland,WA,United States,Male,WRITER,LANGUAGE,HUMANITIES
6323098,Mesut Özil,Gelsenkirchen,,GERMANY,Male,SOCCER PLAYER,TEAM SPORTS,SPORTS
6707957,Raúl Albiol,Vilamarxant,,SPAIN,Male,SOCCER PLAYER,TEAM SPORTS,SPORTS
6791864,Vitaly Petrov,Vyborg,,Russia,Male,RACECAR DRIVER,INDIVIDUAL SPORTS,SPORTS
7142709,Lee Jung-Soo,Gimhae,,South Korea,Male,SOCCER PLAYER,TEAM SPORTS,SPORTS
174867,Dudley R. Herschbach,San Francisco-Bay Area,CA,UNITED STATES,Male,CHEMIST,NATURAL SCIENCES,SCIENCE & TECHNOLOGY
7517150,Dimitris P. Kraniotis,Stomio,,Greece,Male,WRITER,LANGUAGE,HUMANITIES
7535757,Claudio Marchisio,Turin,,ITALY,Male,SOCCER PLAYER,TEAM SPORTS,SPORTS
7567080,Martin Luther,Eisleben,,Germany,Male,RELIGIOUS FIGURE,RELIGION,INSTITUTIONS
7722108,Matthew Flinders,Donington,,UNITED KINGDOM,Male,EXPLORER,EXPLORERS,EXPLORATION
7790184,Heinrich Rohrer,Buchs,,SWITZERLAND,Male,PHYSICIST,NATURAL SCIENCES,SCIENCE & TECHNOLOGY
7815735,Eljero Elia,Voorburg,,NETHERLANDS,Male,SOCCER PLAYER,TEAM SPORTS,SPORTS
7819615,Luis Suárez,Salto,,URUGUAY,Male,SOCCER PLAYER,TEAM SPORTS,SPORTS
7837715,Almaz Atambayev,Arashan,,Kyrgyzstan,Male,POLITICIAN,GOVERNMENT,INSTITUTIONS
7963342,Jigoro Kano,Hyōgo Prefecture,,JAPAN,Male,MARTIAL ARTS,INDIVIDUAL SPORTS,SPORTS
8127358,Filipp Kirkorov,Varna,,BULGARIA,Male,SINGER,MUSIC,ARTS
8900348,Nina Dobrev,Sofia,,BULGARIA,Female,ACTOR,FILM AND THEATRE,ARTS
9017212,Edinson Cavani,Salto,,URUGUAY,Male,SOCCER PLAYER,TEAM SPORTS,SPORTS
9190763,Gabriel Obertan,Pantin,,FRANCE,Male,SOCCER PLAYER,TEAM SPORTS,SPORTS
9195868,Orlando Bloom,Canterbury,,UNITED KINGDOM,Male,ACTOR,FILM AND THEATRE,ARTS
9856359,Roger Guerreiro,São Paulo,,Brazil,Male,SOCCER PLAYER,TEAM SPORTS,SPORTS
10371611,Fábio Coentrão,Vila do Conde,,PORTUGAL,Male,SOCCER PLAYER,TEAM SPORTS,SPORTS
11509807,Sean Kingston,Miami,FL,UNITED STATES,Male,SINGER,MUSIC,ARTS
11885871,Felipe Melo de Carvalho,Volta Redonda,,BRAZIL,Male,SOCCER PLAYER,TEAM SPORTS,SPORTS
11902870,Amy Macdonald,Bishopbriggs,,UNITED KINGDOM,Female,SINGER,MUSIC,ARTS
12109306,Martín Cáceres,Montevideo,,URUGUAY,Male,SOCCER PLAYER,TEAM SPORTS,SPORTS
12139056,Ravshan Irmatov,Tashkent,,UZBEKISTAN,Male,REFEREE,TEAM SPORTS,SPORTS
12153654,Elizabeth II of the United Kingdom,London,,United Kingdom,Female,NOBLEMAN,GOVERNMENT,INSTITUTIONS
12170914,Dominika Cibulková,Bratislava,,SLOVAKIA,Female,TENNIS PLAYER,INDIVIDUAL SPORTS,SPORTS
12337058,Wolfgang Stark,Landshut,,Germany,Male,REFEREE,TEAM SPORTS,SPORTS
12352108,Ivan Perisic,Split,,CROATIA,Male,SOCCER PLAYER,TEAM SPORTS,SPORTS
12684530,Jennifer Lawrence,Louisville,KY,UNITED STATES,Female,ACTOR,FILM AND THEATRE,ARTS
12812218,Richie de Laet,Antwerp,,BELGIUM,Male,SOCCER PLAYER,TEAM SPORTS,SPORTS
12926429,Tom Hooper,London,,UNITED KINGDOM,Male,FILM DIRECTOR,FILM AND THEATRE,ARTS
13181986,Lee Chung-yong,Seoul,,South Korea,Male,SOCCER PLAYER,TEAM SPORTS,SPORTS
13383154,Javier Hernández,Guadalajara,,MEXICO,Male,SOCCER PLAYER,TEAM SPORTS,SPORTS
14449397,Jules A. Hoffmann,Echternach,,LUXEMBOURG,Male,BIOLOGIST,NATURAL SCIENCES,SCIENCE & TECHNOLOGY
14769322,Klaus Ebner,Vienna,,AUSTRIA,Male,WRITER,LANGUAGE,HUMANITIES
14887264,Joseba Sarrionandia,Iurreta,,SPAIN,Male,WRITER,LANGUAGE,HUMANITIES
15135713,Jim Morrison,Melbourne,FL,UNITED STATES,Male,SINGER,MUSIC,ARTS
15209530,Kevin Anderson,Johannesburg,,SOUTH AFRICA,Male,TENNIS PLAYER,INDIVIDUAL SPORTS,SPORTS
15326144,Neymar da Silva,Mogi das Cruzes,,BRAZIL,Male,SOCCER PLAYER,TEAM SPORTS,SPORTS
16141981,Charles Pic,Montélimar,,France,Male,RACECAR DRIVER,INDIVIDUAL SPORTS,SPORTS
16160780,Mame Biram Diouf,Dakar,,SENEGAL,Male,SOCCER PLAYER,TEAM SPORTS,SPORTS
16297311,Iveta Radičová,Bratislava,,SLOVAKIA,Female,POLITICIAN,GOVERNMENT,INSTITUTIONS
16692019,Yohan Blake,Saint James Parish,,France,Male,ATHLETE,INDIVIDUAL SPORTS,SPORTS
16716472,Alan Dzagoev,Beslan,,Russia,Male,SOCCER PLAYER,TEAM SPORTS,SPORTS
16789908,Anna Kendrick,Portland,ME,UNITED STATES,Female,ACTOR,FILM AND THEATRE,ARTS
17054160,Andre Geim,Sochi,,Russia,Male,PHYSICIST,NATURAL SCIENCES,SCIENCE & TECHNOLOGY
17541051,Jürgen Klopp,Stuttgart,,Germany,Male,COACH,TEAM SPORTS,SPORTS
17541440,Michel Sulaiman,Amsheet,,Lebanon,Male,POLITICIAN,GOVERNMENT,INSTITUTIONS
17566665,"George Gordon Noel Byron, 6th Baron Byron",London,,UNITED KINGDOM,Male,WRITER,LANGUAGE,HUMANITIES
18589083,Rose McGowan,Florence,,Italy,Female,ACTOR,FILM AND THEATRE,ARTS
18603579,Jesse Jackson,Greenville,SC,UNITED STATES,Male,SOCIAL ACTIVIST,ACTIVISM,PUBLIC FIGURE
18607174,Holger Badstuber,Memmingen,,Germany,Male,SOCCER PLAYER,TEAM SPORTS,SPORTS
18693354,Laura Chinchilla,San José,,Costa Rica,Female,POLITICIAN,GOVERNMENT,INSTITUTIONS
18938180,Jeff Koons,York,PA,UNITED STATES,Male,ARTIST,FINE ARTS,ARTS
18949289,Augustus De Morgan,Madras Presidency,,India,Male,MATHEMATICIAN,MATH,SCIENCE & TECHNOLOGY
18950719,Abdülmecid,Istanbul,,Turkey,Male,POLITICIAN,GOVERNMENT,INSTITUTIONS
18951335,Arthur Conan Doyle,Edinburgh,,UNITED KINGDOM,Male,WRITER,LANGUAGE,HUMANITIES
102994,Bill Murray,Chicago,IL,UNITED STATES,Male,ACTOR,FILM AND THEATRE,ARTS
19043935,Lisa Marie Presley,Memphis,TN,UNITED STATES,Female,SINGER,MUSIC,ARTS
19242322,Johann Wolfgang von Goethe,Frankfurt,,Germany,Male,WRITER,LANGUAGE,HUMANITIES
19323190,Dayana Mendoza,Caracas,,VENEZUELA,Female,MODEL,MEDIA PERSONALITY,PUBLIC FIGURE
19332140,Germaine Greer,Melbourne,,AUSTRALIA,Female,WRITER,LANGUAGE,HUMANITIES
2237869,Peter Wentz,Chicago,IL,United States,Male,MUSICIAN,MUSIC,ARTS
1611242,Kalomoira Saranti,Long Island,NY,United States,Female,SINGER,MUSIC,ARTS
33870,Walt Whitman,Long Island,NY,United States,Male,WRITER,LANGUAGE,HUMANITIES
19801645,Sergio Pérez,Guadalajara,,MEXICO,Male,RACECAR DRIVER,INDIVIDUAL SPORTS,SPORTS
20314501,Rachel,Paddan Aram,,Iraq,Female,RELIGIOUS FIGURE,RELIGION,INSTITUTIONS
6220455,Kevin Love,Los Angeles,CA,UNITED STATES,Male,BASKETBALL PLAYER,TEAM SPORTS,SPORTS
20949403,Henrietta Maria of France,Louvre,,France,Female,COMPANION,COMPANIONS,PUBLIC FIGURE
21234593,Alex Salmond,Linlithgow,,UNITED KINGDOM,Male,POLITICIAN,GOVERNMENT,INSTITUTIONS
21377045,Rick Ross,Clarksdale,MS,United States,Male,SINGER,MUSIC,ARTS
21490963,Chester A. Arthur,Fairfield,VT,UNITED STATES,Male,POLITICIAN,GOVERNMENT,INSTITUTIONS
21811584,Richard Owen,Lancaster,,UNITED KINGDOM,Male,BIOLOGIST,NATURAL SCIENCES,SCIENCE & TECHNOLOGY
22299320,Bérénice Bejo,Buenos Aires,,Argentina,Female,ACTOR,FILM AND THEATRE,ARTS
22742941,Ratko Mladić,Bozanovici,,Bosnia and Herzegovina,Male,MILITARY PERSONNEL,MILITARY,INSTITUTIONS
22838564,João Goulart,São Borja,,BRAZIL,Male,POLITICIAN,GOVERNMENT,INSTITUTIONS
23086949,János Áder,Csorna,,HUNGARY,Male,POLITICIAN,GOVERNMENT,INSTITUTIONS
23095332,Mari Kiviniemi,Seinäjoki,,FINLAND,Female,POLITICIAN,GOVERNMENT,INSTITUTIONS
23306893,Gerhard Schröder,Blomberg,,Germany,Male,POLITICIAN,GOVERNMENT,INSTITUTIONS
23475401,Sri Aurobindo,Kolkata,,India,Male,PHILOSOPHER,PHILOSOPHY,HUMANITIES
23649833,Patrick Pearse,Dublin,,IRELAND,Male,WRITER,LANGUAGE,HUMANITIES
23686385,Gustav III of Sweden,Stockholm,,SWEDEN,Male,POLITICIAN,GOVERNMENT,INSTITUTIONS
23727564,Khadijah bint Khuwaylid,Arabian Peninsula,,Saudi Arabia,Female,COMPANION,COMPANIONS,PUBLIC FIGURE
23909513,Isabella of Castile,Madrigal de las Altas Torres,,SPAIN,Female,POLITICIAN,GOVERNMENT,INSTITUTIONS
24050318,Roh Moo-hyun,Gimhae,,South Korea,Male,POLITICIAN,GOVERNMENT,INSTITUTIONS
24480974,Yun Chi-ho,Chuncheong Province,,South Korea,Male,SOCIAL ACTIVIST,ACTIVISM,PUBLIC FIGURE
24604691,Thomas A. Steitz,Milwaukee,WI,UNITED STATES,Male,CHEMIST,NATURAL SCIENCES,SCIENCE & TECHNOLOGY
25084169,José Rizal,Calamba,,PHILIPPINES,Male,SOCIAL ACTIVIST,ACTIVISM,PUBLIC FIGURE
25426557,Larry Sanger,Bellevue,WA,United States,Male,INVENTOR,INVENTION,SCIENCE & TECHNOLOGY
25767401,Joseph Fourier,Auxerre,,France,Male,MATHEMATICIAN,MATH,SCIENCE & TECHNOLOGY
26408430,Alex Oxlade-Chamberlain,Portsmouth,,UNITED KINGDOM,Male,SOCCER PLAYER,TEAM SPORTS,SPORTS
26496842,Eddie Van Halen,Nijmegen,,NETHERLANDS,Male,MUSICIAN,MUSIC,ARTS
27485376,"Henry V, Holy Roman Emperor",Goslar,,Germany,Male,POLITICIAN,GOVERNMENT,INSTITUTIONS
27885687,Mary Shelley,London,,United Kingdom,Female,WRITER,LANGUAGE,HUMANITIES
29468661,Abd al-Rab Mansur al-Hadi,Thukain,,YEMEN,Male,POLITICIAN,GOVERNMENT,INSTITUTIONS
29684300,Rudolf Hess,Alexandria,,Egypt,Male,POLITICIAN,GOVERNMENT,INSTITUTIONS
541035,John Howard Northrop,Lower Hudson Valley,NY,UNITED STATES,Male,CHEMIST,NATURAL SCIENCES,SCIENCE & TECHNOLOGY
30872415,Luis Barragán,Guadalajara,,MEXICO,Male,ARCHITECT,DESIGN,ARTS
174821,Heather Locklear,Los Angeles,CA,UNITED STATES,Female,ACTOR,FILM AND THEATRE,ARTS
33441710,Pedro Rodríguez Ledesma,Santa Cruz de Tenerife,,SPAIN,Male,SOCCER PLAYER,TEAM SPORTS,SPORTS
33983258,Malala Yousafzai,Mingora,,Pakistan,Female,SOCIAL ACTIVIST,ACTIVISM,PUBLIC FIGURE
36568341,Grand Duchess Olga Nikolaevna of Russia,Tsarskoye Selo,,Russia,Female,NOBLEMAN,GOVERNMENT,INSTITUTIONS
37133429,Pietro Damiani,Ravenna,,ITALY,Male,PHYSICIAN,MEDICINE,SCIENCE & TECHNOLOGY
